"pokedex_number";"name";"attack";"classfication";"defense";"height_m";"hp";"speed";"type1";"type2";"weight_kg";"generation";"is_legendary";"abilities"
1;"Bulbasaur";"49";"Seed Pokemon";"49";"0.7";"45";"45";"grass";"poison";"6.9";"1";"0";"Overgrow, Chlorophyll"
2;"Ivysaur";"62";"Seed Pokemon";"63";"1.0";"60";"60";"grass";"poison";"13.0";"1";"0";"Overgrow, Chlorophyll"
3;"Venusaur";"100";"Seed Pokemon";"123";"2.0";"80";"80";"grass";"poison";"100.0";"1";"0";"Overgrow, Chlorophyll"
4;"Charmander";"52";"Lizard Pokemon";"43";"0.6";"39";"65";"fire";"";"8.5";"1";"0";"Blaze, Solar Power"
5;"Charmeleon";"64";"Flame Pokemon";"58";"1.1";"58";"80";"fire";"";"19.0";"1";"0";"Blaze, Solar Power"
6;"Charizard";"104";"Flame Pokemon";"78";"1.7";"78";"100";"fire";"flying";"90.5";"1";"0";"Blaze, Solar Power"
7;"Squirtle";"48";"Tiny Turtle Pokemon";"65";"0.5";"44";"43";"water";"";"9.0";"1";"0";"Torrent, Rain Dish"
8;"Wartortle";"63";"Turtle Pokemon";"80";"1.0";"59";"58";"water";"";"22.5";"1";"0";"Torrent, Rain Dish"
9;"Blastoise";"103";"Shellfish Pokemon";"120";"1.6";"79";"78";"water";"";"85.5";"1";"0";"Torrent, Rain Dish"
10;"Caterpie";"30";"Worm Pokemon";"35";"0.3";"45";"45";"bug";"";"2.9";"1";"0";"Shield Dust, Run Away"
11;"Metapod";"20";"Cocoon Pokemon";"55";"0.7";"50";"30";"bug";"";"9.9";"1";"0";"Shed Skin"
12;"Butterfree";"45";"Butterfly Pokemon";"50";"1.1";"60";"70";"bug";"flying";"32.0";"1";"0";"Compoundeyes, Tinted Lens"
13;"Weedle";"35";"Hairy Pokemon";"30";"0.3";"40";"50";"bug";"poison";"3.2";"1";"0";"Shield Dust, Run Away"
14;"Kakuna";"25";"Cocoon Pokemon";"50";"0.6";"45";"35";"bug";"poison";"10.0";"1";"0";"Shed Skin"
15;"Beedrill";"150";"Poison Bee Pokemon";"40";"1.0";"65";"145";"bug";"poison";"29.5";"1";"0";"Swarm, Sniper"
16;"Pidgey";"45";"Tiny Bird Pokemon";"40";"0.3";"40";"56";"normal";"flying";"1.8";"1";"0";"Keen Eye, Tangled Feet, Big Pecks"
17;"Pidgeotto";"60";"Bird Pokemon";"55";"1.1";"63";"71";"normal";"flying";"30.0";"1";"0";"Keen Eye, Tangled Feet, Big Pecks"
18;"Pidgeot";"80";"Bird Pokemon";"80";"1.5";"83";"121";"normal";"flying";"39.5";"1";"0";"Keen Eye, Tangled Feet, Big Pecks"
19;"Rattata";"56";"Mouse Pokemon";"35";"";"30";"72";"normal";"dark";"";"1";"0";"Run Away, Guts, Hustle, Gluttony, Hustle, Thi"
20;"Raticate";"71";"Mouse Pokemon";"70";"";"75";"77";"normal";"dark";"";"1";"0";"Run Away, Guts, Hustle, Gluttony, Hustle, Thi"
21;"Spearow";"60";"Tiny Bird Pokemon";"30";"0.3";"40";"70";"normal";"flying";"2.0";"1";"0";"Keen Eye, Sniper"
22;"Fearow";"90";"Beak Pokemon";"65";"1.2";"65";"100";"normal";"flying";"38.0";"1";"0";"Keen Eye, Sniper"
23;"Ekans";"60";"Snake Pokemon";"44";"2.0";"35";"55";"poison";"";"6.9";"1";"0";"Intimidate, Shed Skin, Unnerve"
24;"Arbok";"95";"Cobra Pokemon";"69";"3.5";"60";"80";"poison";"";"65.0";"1";"0";"Intimidate, Shed Skin, Unnerve"
25;"Pikachu";"55";"Mouse Pokemon";"40";"0.4";"35";"90";"electric";"";"6.0";"1";"0";"Static, Lightningrod"
26;"Raichu";"85";"Mouse Pokemon";"50";"";"60";"110";"electric";"electric";"";"1";"0";"Static, Lightningrod, Surge Surfer"
27;"Sandshrew";"75";"Mouse Pokemon";"90";"";"50";"40";"ground";"ice";"";"1";"0";"Sand Veil, Sand Rush, Snow Cloak, Slush Rush"
28;"Sandslash";"100";"Mouse Pokemon";"120";"";"75";"65";"ground";"ice";"";"1";"0";"Sand Veil, Sand Rush, Snow Cloak, Slush Rush"
29;"Nidoran?";"47";"Poison Pin Pokemon";"52";"0.4";"55";"41";"poison";"";"7.0";"1";"0";"Poison Point, Rivalry, Hustle"
30;"Nidorina";"62";"Poison Pin Pokemon";"67";"0.8";"70";"56";"poison";"";"20.0";"1";"0";"Poison Point, Rivalry, Hustle"
31;"Nidoqueen";"92";"Drill Pokemon";"87";"1.3";"90";"76";"poison";"ground";"60.0";"1";"0";"Poison Point, Rivalry, Sheer Force"
32;"Nidoran?";"57";"Poison Pin Pokemon";"40";"0.5";"46";"50";"poison";"";"9.0";"1";"0";"Poison Point, Rivalry, Hustle"
33;"Nidorino";"72";"Poison Pin Pokemon";"57";"0.9";"61";"65";"poison";"";"19.5";"1";"0";"Poison Point, Rivalry, Hustle"
34;"Nidoking";"102";"Drill Pokemon";"77";"1.4";"81";"85";"poison";"ground";"62.0";"1";"0";"Poison Point, Rivalry, Sheer Force"
35;"Clefairy";"45";"Fairy Pokemon";"48";"0.6";"70";"35";"fairy";"";"7.5";"1";"0";"Cute Charm, Magic Guard, Friend Guard"
36;"Clefable";"70";"Fairy Pokemon";"73";"1.3";"95";"60";"fairy";"";"40.0";"1";"0";"Cute Charm, Magic Guard, Unaware"
37;"Vulpix";"41";"Fox Pokemon";"40";"";"38";"65";"fire";"ice";"";"1";"0";"Flash Fire, Drought, Snow Cloak, Snow Warning"
38;"Ninetales";"67";"Fox Pokemon";"75";"";"73";"109";"fire";"ice";"";"1";"0";"Flash Fire, Drought, Snow Cloak, Snow Warning"
39;"Jigglypuff";"45";"Balloon Pokemon";"20";"0.5";"115";"20";"normal";"fairy";"5.5";"1";"0";"Cute Charm, Competitive, Friend Guard"
40;"Wigglytuff";"70";"Balloon Pokemon";"45";"1.0";"140";"45";"normal";"fairy";"12.0";"1";"0";"Cute Charm, Competitive, Frisk"
41;"Zubat";"45";"Bat Pokemon";"35";"0.8";"40";"55";"poison";"flying";"7.5";"1";"0";"Inner Focus, Infiltrator"
42;"Golbat";"80";"Bat Pokemon";"70";"1.6";"75";"90";"poison";"flying";"55.0";"1";"0";"Inner Focus, Infiltrator"
43;"Oddish";"50";"Weed Pokemon";"55";"0.5";"45";"30";"grass";"poison";"5.4";"1";"0";"Chlorophyll, Run Away"
44;"Gloom";"65";"Weed Pokemon";"70";"0.8";"60";"40";"grass";"poison";"8.6";"1";"0";"Chlorophyll, Stench"
45;"Vileplume";"80";"Flower Pokemon";"85";"1.2";"75";"50";"grass";"poison";"18.6";"1";"0";"Chlorophyll, Effect Spore"
46;"Paras";"70";"Mushroom Pokemon";"55";"0.3";"35";"25";"bug";"grass";"5.4";"1";"0";"Effect Spore, Dry Skin, Damp"
47;"Parasect";"95";"Mushroom Pokemon";"80";"1.0";"60";"30";"bug";"grass";"29.5";"1";"0";"Effect Spore, Dry Skin, Damp"
48;"Venonat";"55";"Insect Pokemon";"50";"1.0";"60";"45";"bug";"poison";"30.0";"1";"0";"Compoundeyes, Tinted Lens, Run Away"
49;"Venomoth";"65";"Poison Moth Pokemon";"60";"1.5";"70";"90";"bug";"poison";"12.5";"1";"0";"Shield Dust, Tinted Lens, Wonder Skin "
50;"Diglett";"55";"Mole Pokemon";"30";"";"10";"90";"ground";"ground";"";"1";"0";"Sand Veil, Arena Trap, Sand Force, Sand Veil,"
51;"Dugtrio";"100";"Mole Pokemon";"60";"";"35";"110";"ground";"ground";"";"1";"0";"Sand Veil, Arena Trap, Sand Force, Sand Veil,"
52;"Meowth";"35";"Scratch Cat Pokemon";"35";"";"40";"90";"normal";"dark";"";"1";"0";"Pickup, Technician, Unnerve, Pickup, Technici"
53;"Persian";"60";"Classy Cat Pokemon";"60";"";"65";"115";"normal";"dark";"";"1";"0";"Limber, Technician, Unnerve, Fur Coat, Techni"
54;"Psyduck";"52";"Duck Pokemon";"48";"0.8";"50";"55";"water";"";"19.6";"1";"0";"Damp, Cloud Nine, Swift Swim"
55;"Golduck";"82";"Duck Pokemon";"78";"1.7";"80";"85";"water";"";"76.6";"1";"0";"Damp, Cloud Nine, Swift Swim"
56;"Mankey";"80";"Pig Monkey Pokemon";"35";"0.5";"40";"70";"fighting";"";"28.0";"1";"0";"Vital Spirit, Anger Point, Defiant"
57;"Primeape";"105";"Pig Monkey Pokemon";"60";"1.0";"65";"95";"fighting";"";"32.0";"1";"0";"Vital Spirit, Anger Point, Defiant"
58;"Growlithe";"70";"Puppy Pokemon";"45";"0.7";"55";"60";"fire";"";"19.0";"1";"0";"Intimidate, Flash Fire, Justified"
59;"Arcanine";"110";"Legendary Pokemon";"80";"1.9";"90";"95";"fire";"";"155.0";"1";"0";"Intimidate, Flash Fire, Justified"
60;"Poliwag";"50";"Tadpole Pokemon";"40";"0.6";"40";"90";"water";"";"12.4";"1";"0";"Water Absorb, Damp, Swift Swim"
61;"Poliwhirl";"65";"Tadpole Pokemon";"65";"1.0";"65";"90";"water";"";"20.0";"1";"0";"Water Absorb, Damp, Swift Swim"
62;"Poliwrath";"95";"Tadpole Pokemon";"95";"1.3";"90";"70";"water";"fighting";"54.0";"1";"0";"Water Absorb, Damp, Swift Swim"
63;"Abra";"20";"Psi Pokemon";"15";"0.9";"25";"90";"psychic";"";"19.5";"1";"0";"Synchronize, Inner Focus, Magic Guard"
64;"Kadabra";"35";"Psi Pokemon";"30";"1.3";"40";"105";"psychic";"";"56.5";"1";"0";"Synchronize, Inner Focus, Magic Guard"
65;"Alakazam";"50";"Psi Pokemon";"65";"1.5";"55";"150";"psychic";"";"48.0";"1";"0";"Synchronize, Inner Focus, Magic Guard"
66;"Machop";"80";"Superpower Pokemon";"50";"0.8";"70";"35";"fighting";"";"19.5";"1";"0";"Guts, No Guard, Steadfast"
67;"Machoke";"100";"Superpower Pokemon";"70";"1.5";"80";"45";"fighting";"";"70.5";"1";"0";"Guts, No Guard, Steadfast"
68;"Machamp";"130";"Superpower Pokemon";"80";"1.6";"90";"55";"fighting";"";"130.0";"1";"0";"Guts, No Guard, Steadfast"
69;"Bellsprout";"75";"Flower Pokemon";"35";"0.7";"50";"40";"grass";"poison";"4.0";"1";"0";"Chlorophyll, Gluttony"
70;"Weepinbell";"90";"Flycatcher Pokemon";"50";"1.0";"65";"55";"grass";"poison";"6.4";"1";"0";"Chlorophyll, Gluttony"
71;"Victreebel";"105";"Flycatcher Pokemon";"65";"1.7";"80";"70";"grass";"poison";"15.5";"1";"0";"Chlorophyll, Gluttony"
72;"Tentacool";"40";"Jellyfish Pokemon";"35";"0.9";"40";"70";"water";"poison";"45.5";"1";"0";"Clear Body, Liquid Ooze, Rain Dish"
73;"Tentacruel";"70";"Jellyfish Pokemon";"65";"1.6";"80";"100";"water";"poison";"55.0";"1";"0";"Clear Body, Liquid Ooze, Rain Dish"
74;"Geodude";"80";"Rock Pokemon";"100";"";"40";"20";"rock";"ground";"";"1";"0";"Rock Head, Sturdy, Sand Veil, Magnet Pull, St"
75;"Graveler";"95";"Rock Pokemon";"115";"";"55";"35";"rock";"ground";"";"1";"0";"Rock Head, Sturdy, Sand Veil, Magnet Pull, St"
76;"Golem";"120";"Megaton Pokemon";"130";"";"80";"45";"rock";"ground";"";"1";"0";"Rock Head, Sturdy, Sand Veil, Magnet Pull, St"
77;"Ponyta";"85";"Fire Horse Pokemon";"55";"1.0";"50";"90";"fire";"";"30.0";"1";"0";"Run Away, Flash Fire, Flame Body"
78;"Rapidash";"100";"Fire Horse Pokemon";"70";"1.7";"65";"105";"fire";"";"95.0";"1";"0";"Run Away, Flash Fire, Flame Body"
79;"Slowpoke";"65";"Dopey Pokemon";"65";"1.2";"90";"15";"water";"psychic";"36.0";"1";"0";"Oblivious, Own Tempo, Regenerator"
80;"Slowbro";"75";"Hermit Crab Pokemon";"180";"1.6";"95";"30";"water";"psychic";"78.5";"1";"0";"Oblivious, Own Tempo, Regenerator"
81;"Magnemite";"35";"Magnet Pokemon";"70";"0.3";"25";"45";"electric";"steel";"6.0";"1";"0";"Magnet Pull, Sturdy, Analytic"
82;"Magneton";"60";"Magnet Pokemon";"95";"1.0";"50";"70";"electric";"steel";"60.0";"1";"0";"Magnet Pull, Sturdy, Analytic"
83;"Farfetch'd";"90";"Wild Duck Pokemon";"55";"0.8";"52";"60";"normal";"flying";"15.0";"1";"0";"Keen Eye, Inner Focus, Defiant"
84;"Doduo";"85";"Twin Bird Pokemon";"45";"1.4";"35";"75";"normal";"flying";"39.2";"1";"0";"Run Away, Early Bird, Tangled Feet"
85;"Dodrio";"110";"Triple Bird Pokemon";"70";"1.8";"60";"110";"normal";"flying";"85.2";"1";"0";"Run Away, Early Bird, Tangled Feet"
86;"Seel";"45";"Sea Lion Pokemon";"55";"1.1";"65";"45";"water";"";"90.0";"1";"0";"Thick Fat, Hydration, Ice Body"
87;"Dewgong";"70";"Sea Lion Pokemon";"80";"1.7";"90";"70";"water";"ice";"120.0";"1";"0";"Thick Fat, Hydration, Ice Body"
88;"Grimer";"80";"Sludge Pokemon";"50";"";"80";"25";"poison";"poison";"";"1";"0";"Stench, Sticky Hold, Poison Touch, Poison Tou"
89;"Muk";"105";"Sludge Pokemon";"75";"";"105";"50";"poison";"poison";"";"1";"0";"Stench, Sticky Hold, Poison Touch, Poison Tou"
90;"Shellder";"65";"Bivalve Pokemon";"100";"0.3";"30";"40";"water";"";"4.0";"1";"0";"Shell Armor, Skill Link, Overcoat"
91;"Cloyster";"95";"Bivalve Pokemon";"180";"1.5";"50";"70";"water";"ice";"132.5";"1";"0";"Shell Armor, Skill Link, Overcoat"
92;"Gastly";"35";"Gas Pokemon";"30";"1.3";"30";"80";"ghost";"poison";"0.1";"1";"0";"Levitate"
93;"Haunter";"50";"Gas Pokemon";"45";"1.6";"45";"95";"ghost";"poison";"0.1";"1";"0";"Levitate"
94;"Gengar";"65";"Shadow Pokemon";"80";"1.5";"60";"130";"ghost";"poison";"40.5";"1";"0";"Cursed Body"
95;"Onix";"45";"Rock Snake Pokemon";"160";"8.8";"35";"70";"rock";"ground";"210.0";"1";"0";"Rock Head, Sturdy, Weak Armor"
96;"Drowzee";"48";"Hypnosis Pokemon";"45";"1.0";"60";"42";"psychic";"";"32.4";"1";"0";"Insomnia, Forewarn, Inner Focus"
97;"Hypno";"73";"Hypnosis Pokemon";"70";"1.6";"85";"67";"psychic";"";"75.6";"1";"0";"Insomnia, Forewarn, Inner Focus"
98;"Krabby";"105";"River Crab Pokemon";"90";"0.4";"30";"50";"water";"";"6.5";"1";"0";"Hyper Cutter, Shell Armor, Sheer Force"
99;"Kingler";"130";"Pincer Pokemon";"115";"1.3";"55";"75";"water";"";"60.0";"1";"0";"Hyper Cutter, Shell Armor, Sheer Force"
100;"Voltorb";"30";"Ball Pokemon";"50";"0.5";"40";"100";"electric";"";"10.4";"1";"0";"Soundproof, Static, Aftermath"
101;"Electrode";"50";"Ball Pokemon";"70";"1.2";"60";"150";"electric";"";"66.6";"1";"0";"Soundproof, Static, Aftermath"
102;"Exeggcute";"40";"Egg Pokemon";"80";"0.4";"60";"40";"grass";"psychic";"2.5";"1";"0";"Chlorophyll, Harvest"
103;"Exeggutor";"105";"Coconut Pokemon";"85";"";"95";"45";"grass";"psychic";"";"1";"0";"Chlorophyll, Harvest, Frisk, Harvest"
104;"Cubone";"50";"Lonely Pokemon";"95";"0.4";"50";"35";"ground";"";"6.5";"1";"0";"Rock Head, Lightningrod, Battle Armor"
105;"Marowak";"80";"Bone Keeper Pokemon";"110";"";"60";"45";"ground";"fire";"";"1";"0";"Rock Head, Lightningrod, Battle Armor, Cursed"
106;"Hitmonlee";"120";"Kicking Pokemon";"53";"1.5";"50";"87";"fighting";"";"49.8";"1";"0";"Limber, Reckless, Unburden"
107;"Hitmonchan";"105";"Punching Pokemon";"79";"1.4";"50";"76";"fighting";"";"50.2";"1";"0";"Keen Eye, Iron Fist, Inner Focus"
108;"Lickitung";"55";"Licking Pokemon";"75";"1.2";"90";"30";"normal";"";"65.5";"1";"0";"Own Tempo, Oblivious, Cloud Nine"
109;"Koffing";"65";"Poison Gas Pokemon";"95";"0.6";"40";"35";"poison";"";"1.0";"1";"0";"Levitate"
110;"Weezing";"90";"Poison Gas Pokemon";"120";"1.2";"65";"60";"poison";"";"9.5";"1";"0";"Levitate"
111;"Rhyhorn";"85";"Spikes Pokemon";"95";"1.0";"80";"25";"ground";"rock";"115.0";"1";"0";"Lightningrod, Rock Head, Reckless"
112;"Rhydon";"130";"Drill Pokemon";"120";"1.9";"105";"40";"ground";"rock";"120.0";"1";"0";"Lightningrod, Rock Head, Reckless"
113;"Chansey";"5";"Egg Pokemon";"5";"1.1";"250";"50";"normal";"";"34.6";"1";"0";"Natural Cure, Serene Grace, Healer"
114;"Tangela";"55";"Vine Pokemon";"115";"1.0";"65";"60";"grass";"";"35.0";"1";"0";"Chlorophyll, Leaf Guard, Regenerator"
115;"Kangaskhan";"125";"Parent Pokemon";"100";"2.2";"105";"100";"normal";"";"80.0";"1";"0";"Early Bird, Scrappy, Inner Focus"
116;"Horsea";"40";"Dragon Pokemon";"70";"0.4";"30";"60";"water";"";"8.0";"1";"0";"Swift Swim, Sniper, Damp"
117;"Seadra";"65";"Dragon Pokemon";"95";"1.2";"55";"85";"water";"";"25.0";"1";"0";"Poison Point, Sniper, Damp"
118;"Goldeen";"67";"Goldfish Pokemon";"60";"0.6";"45";"63";"water";"";"15.0";"1";"0";"Swift Swim, Water Veil, Lightningrod"
119;"Seaking";"92";"Goldfish Pokemon";"65";"1.3";"80";"68";"water";"";"39.0";"1";"0";"Swift Swim, Water Veil, Lightningrod"
120;"Staryu";"45";"Starshape Pokemon";"55";"0.8";"30";"85";"water";"";"34.5";"1";"0";"Illuminate, Natural Cure, Analytic"
121;"Starmie";"75";"Mysterious Pokemon";"85";"1.1";"60";"115";"water";"psychic";"80.0";"1";"0";"Illuminate, Natural Cure, Analytic"
122;"Mr. Mime";"45";"Barrier Pokemon";"65";"1.3";"40";"90";"psychic";"fairy";"54.5";"1";"0";"Soundproof, Filter, Technician"
123;"Scyther";"110";"Mantis Pokemon";"80";"1.5";"70";"105";"bug";"flying";"56.0";"1";"0";"Swarm, Technician, Steadfast"
124;"Jynx";"50";"Humanshape Pokemon";"35";"1.4";"65";"95";"ice";"psychic";"40.6";"1";"0";"Oblivious, Forewarn, Dry Skin"
125;"Electabuzz";"83";"Electric Pokemon";"57";"1.1";"65";"105";"electric";"";"30.0";"1";"0";"Static, Vital Spirit"
126;"Magmar";"95";"Spitfire Pokemon";"57";"1.3";"65";"93";"fire";"";"44.5";"1";"0";"Flame Body, Vital Spirit"
127;"Pinsir";"155";"Stagbeetle Pokemon";"120";"1.5";"65";"105";"bug";"";"55.0";"1";"0";"Hyper Cutter, Mold Breaker, Moxie"
128;"Tauros";"100";"Wild Bull Pokemon";"95";"1.4";"75";"110";"normal";"";"88.4";"1";"0";"Intimidate, Anger Point, Sheer Force"
129;"Magikarp";"10";"Fish Pokemon";"55";"0.9";"20";"80";"water";"";"10.0";"1";"0";"Swift Swim, Rattled"
130;"Gyarados";"155";"Atrocious Pokemon";"109";"6.5";"95";"81";"water";"flying";"235.0";"1";"0";"Intimidate, Moxie"
131;"Lapras";"85";"Transport Pokemon";"80";"2.5";"130";"60";"water";"ice";"220.0";"1";"0";"Water Absorb, Shell Armor, Hydration"
132;"Ditto";"48";"Transform Pokemon";"48";"0.3";"48";"48";"normal";"";"4.0";"1";"0";"Limber, Imposter"
133;"Eevee";"55";"Evolution Pokemon";"50";"0.3";"55";"55";"normal";"";"6.5";"1";"0";"Run Away, Adaptability, Anticipation"
134;"Vaporeon";"65";"Bubble Jet Pokemon";"60";"1.0";"130";"65";"water";"";"29.0";"1";"0";"Water Absorb, Hydration"
135;"Jolteon";"65";"Lightning Pokemon";"60";"0.8";"65";"130";"electric";"";"24.5";"1";"0";"Volt Absorb, Quick Feet"
136;"Flareon";"130";"Flame Pokemon";"60";"0.9";"65";"65";"fire";"";"25.0";"1";"0";"Flash Fire, Guts"
137;"Porygon";"60";"Virtual Pokemon";"70";"0.8";"65";"40";"normal";"";"36.5";"1";"0";"Trace, Download, Analytic"
138;"Omanyte";"40";"Spiral Pokemon";"100";"0.4";"35";"35";"rock";"water";"7.5";"1";"0";"Swift Swim, Shell Armor, Weak Armor"
139;"Omastar";"60";"Spiral Pokemon";"125";"1.0";"70";"55";"rock";"water";"35.0";"1";"0";"Swift Swim, Shell Armor, Weak Armor"
140;"Kabuto";"80";"Shellfish Pokemon";"90";"0.5";"30";"55";"rock";"water";"11.5";"1";"0";"Swift Swim, Battle Armor, Weak Armor"
141;"Kabutops";"115";"Shellfish Pokemon";"105";"1.3";"60";"80";"rock";"water";"40.5";"1";"0";"Swift Swim, Battle Armor, Weak Armor"
142;"Aerodactyl";"135";"Fossil Pokemon";"85";"1.8";"80";"150";"rock";"flying";"59.0";"1";"0";"Rock Head, Pressure, Unnerve"
143;"Snorlax";"110";"Sleeping Pokemon";"65";"2.1";"160";"30";"normal";"";"460.0";"1";"0";"Immunity, Thick Fat, Gluttony"
144;"Articuno";"85";"Freeze Pokemon";"100";"1.7";"90";"85";"ice";"flying";"55.4";"1";"1";"Pressure, Snow Cloak"
145;"Zapdos";"90";"Electric Pokemon";"85";"1.6";"90";"100";"electric";"flying";"52.6";"1";"1";"Pressure, Static"
146;"Moltres";"100";"Flame Pokemon";"90";"2.0";"90";"90";"fire";"flying";"60.0";"1";"1";"Pressure, Flame Body"
147;"Dratini";"64";"Dragon Pokemon";"45";"1.8";"41";"50";"dragon";"";"3.3";"1";"0";"Shed Skin, Marvel Scale"
148;"Dragonair";"84";"Dragon Pokemon";"65";"4.0";"61";"70";"dragon";"";"16.5";"1";"0";"Shed Skin, Marvel Scale"
149;"Dragonite";"134";"Dragon Pokemon";"95";"2.2";"91";"80";"dragon";"flying";"210.0";"1";"0";"Inner Focus, Multiscale"
150;"Mewtwo";"150";"Genetic Pokemon";"70";"2.0";"106";"140";"psychic";"";"122.0";"1";"1";"Pressure, Unnerve"
151;"Mew";"100";"New Species Pokemon";"100";"0.4";"100";"100";"psychic";"";"4.0";"1";"1";"Synchronize"
152;"Chikorita";"49";"Leaf Pokemon";"65";"0.9";"45";"45";"grass";"";"6.4";"2";"0";"Overgrow, Leaf Guard"
153;"Bayleef";"62";"Leaf Pokemon";"80";"1.2";"60";"60";"grass";"";"15.8";"2";"0";"Overgrow, Leaf Guard"
154;"Meganium";"82";"Herb Pokemon";"100";"1.8";"80";"80";"grass";"";"100.5";"2";"0";"Overgrow, Leaf Guard"
155;"Cyndaquil";"52";"Fire Mouse Pokemon";"43";"0.5";"39";"65";"fire";"";"7.9";"2";"0";"Blaze, Flash Fire"
156;"Quilava";"64";"Volcano Pokemon";"58";"0.9";"58";"80";"fire";"";"19.0";"2";"0";"Blaze, Flash Fire"
157;"Typhlosion";"84";"Volcano Pokemon";"78";"1.7";"78";"100";"fire";"";"79.5";"2";"0";"Blaze, Flash Fire"
158;"Totodile";"65";"Big Jaw Pokemon";"64";"0.6";"50";"43";"water";"";"9.5";"2";"0";"Torrent, Sheer Force"
159;"Croconaw";"80";"Big Jaw Pokemon";"80";"1.1";"65";"58";"water";"";"25.0";"2";"0";"Torrent, Sheer Force"
160;"Feraligatr";"105";"Big Jaw Pokemon";"100";"2.3";"85";"78";"water";"";"88.8";"2";"0";"Torrent, Sheer Force"
161;"Sentret";"46";"Scout Pokemon";"34";"0.8";"35";"20";"normal";"";"6.0";"2";"0";"Run Away, Keen Eye, Frisk"
162;"Furret";"76";"Long Body Pokemon";"64";"1.8";"85";"90";"normal";"";"32.5";"2";"0";"Run Away, Keen Eye, Frisk"
163;"Hoothoot";"30";"Owl Pokemon";"30";"0.7";"60";"50";"normal";"flying";"21.2";"2";"0";"Insomnia, Keen Eye, Tinted Lens"
164;"Noctowl";"50";"Owl Pokemon";"50";"1.6";"100";"70";"normal";"flying";"40.8";"2";"0";"Insomnia, Keen Eye, Tinted Lens"
165;"Ledyba";"20";"Five Star Pokemon";"30";"1.0";"40";"55";"bug";"flying";"10.8";"2";"0";"Swarm, Early Bird, Rattled"
166;"Ledian";"35";"Five Star Pokemon";"50";"1.4";"55";"85";"bug";"flying";"35.6";"2";"0";"Swarm, Early Bird, Iron Fist"
167;"Spinarak";"60";"String Spit Pokemon";"40";"0.5";"40";"30";"bug";"poison";"8.5";"2";"0";"Swarm, Insomnia, Sniper"
168;"Ariados";"90";"Long Leg Pokemon";"70";"1.1";"70";"40";"bug";"poison";"33.5";"2";"0";"Swarm, Insomnia, Sniper"
169;"Crobat";"90";"Bat Pokemon";"80";"1.8";"85";"130";"poison";"flying";"75.0";"2";"0";"Inner Focus, Infiltrator"
170;"Chinchou";"38";"Angler Pokemon";"38";"0.5";"75";"67";"water";"electric";"12.0";"2";"0";"Volt Absorb, Illuminate, Water Absorb"
171;"Lanturn";"58";"Light Pokemon";"58";"1.2";"125";"67";"water";"electric";"22.5";"2";"0";"Volt Absorb, Illuminate, Water Absorb"
172;"Pichu";"40";"Tiny Mouse Pokemon";"15";"0.3";"20";"60";"electric";"";"2.0";"2";"0";"Static, Lightningrod"
173;"Cleffa";"25";"Star Shape Pokemon";"28";"0.3";"50";"15";"fairy";"";"3.0";"2";"0";"Cute Charm, Magic Guard, Friend Guard"
174;"Igglybuff";"30";"Balloon Pokemon";"15";"0.3";"90";"15";"normal";"fairy";"1.0";"2";"0";"Cute Charm, Competitive, Friend Guard"
175;"Togepi";"20";"Spike Ball Pokemon";"65";"0.3";"35";"20";"fairy";"";"1.5";"2";"0";"Hustle, Serene Grace, Super Luck"
176;"Togetic";"40";"Happiness Pokemon";"85";"0.6";"55";"40";"fairy";"flying";"3.2";"2";"0";"Hustle, Serene Grace, Super Luck"
177;"Natu";"50";"Little Bird Pokemon";"45";"0.2";"40";"70";"psychic";"flying";"2.0";"2";"0";"Synchronize, Early Bird, Magic Bounce"
178;"Xatu";"75";"Mystic Pokemon";"70";"1.5";"65";"95";"psychic";"flying";"15.0";"2";"0";"Synchronize, Early Bird, Magic Bounce"
179;"Mareep";"40";"Wool Pokemon";"40";"0.6";"55";"35";"electric";"";"7.8";"2";"0";"Static, Plus"
180;"Flaaffy";"55";"Wool Pokemon";"55";"0.8";"70";"45";"electric";"";"13.3";"2";"0";"Static, Plus"
181;"Ampharos";"95";"Light Pokemon";"105";"1.4";"90";"45";"electric";"";"61.5";"2";"0";"Static, Plus"
182;"Bellossom";"80";"Flower Pokemon";"95";"0.4";"75";"50";"grass";"";"5.8";"2";"0";"Chlorophyll, Healer"
183;"Marill";"20";"Aquamouse Pokemon";"50";"0.4";"70";"40";"water";"fairy";"8.5";"2";"0";"Thick Fat, Huge Power, Sap Sipper"
184;"Azumarill";"50";"Aquarabbit Pokemon";"80";"0.8";"100";"50";"water";"fairy";"28.5";"2";"0";"Thick Fat, Huge Power, Sap Sipper"
185;"Sudowoodo";"100";"Imitation Pokemon";"115";"1.2";"70";"30";"rock";"";"38.0";"2";"0";"Sturdy, Rock Head, Rattled"
186;"Politoed";"75";"Frog Pokemon";"75";"1.1";"90";"70";"water";"";"33.9";"2";"0";"Water Absorb, Damp, Drizzle"
187;"Hoppip";"35";"Cottonweed Pokemon";"40";"0.4";"35";"50";"grass";"flying";"0.5";"2";"0";"Chlorophyll, Leaf Guard, Infiltrator"
188;"Skiploom";"45";"Cottonweed Pokemon";"50";"0.6";"55";"80";"grass";"flying";"1.0";"2";"0";"Chlorophyll, Leaf Guard, Infiltrator"
189;"Jumpluff";"55";"Cottonweed Pokemon";"70";"0.8";"75";"110";"grass";"flying";"3.0";"2";"0";"Chlorophyll, Leaf Guard, Infiltrator"
190;"Aipom";"70";"Long Tail Pokemon";"55";"0.8";"55";"85";"normal";"";"11.5";"2";"0";"Run Away, Pickup, Skill Link"
191;"Sunkern";"30";"Seed Pokemon";"30";"0.3";"30";"30";"grass";"";"1.8";"2";"0";"Chlorophyll, Solar Power, Early Bird"
192;"Sunflora";"75";"Sun Pokemon";"55";"0.8";"75";"30";"grass";"";"8.5";"2";"0";"Chlorophyll, Solar Power, Early Bird"
193;"Yanma";"65";"Clear Wing Pokemon";"45";"1.2";"65";"95";"bug";"flying";"38.0";"2";"0";"Speed Boost, Compoundeyes, Frisk"
194;"Wooper";"45";"Water Fish Pokemon";"45";"0.4";"55";"15";"water";"ground";"8.5";"2";"0";"Damp, Water Absorb, Unaware"
195;"Quagsire";"85";"Water Fish Pokemon";"85";"1.4";"95";"35";"water";"ground";"75.0";"2";"0";"Damp, Water Absorb, Unaware"
196;"Espeon";"65";"Sun Pokemon";"60";"0.9";"65";"110";"psychic";"";"26.5";"2";"0";"Synchronize, Magic Bounce"
197;"Umbreon";"65";"Moonlight Pokemon";"110";"1.0";"95";"65";"dark";"";"27.0";"2";"0";"Synchronize, Inner Focus"
198;"Murkrow";"85";"Darkness Pokemon";"42";"0.5";"60";"91";"dark";"flying";"2.1";"2";"0";"Insomnia, Super Luck, Prankster"
199;"Slowking";"75";"Royal Pokemon";"80";"2.0";"95";"30";"water";"psychic";"79.5";"2";"0";"Oblivious, Own Tempo, Regenerator"
200;"Misdreavus";"60";"Screech Pokemon";"60";"0.7";"60";"85";"ghost";"";"1.0";"2";"0";"Levitate"
201;"Unown";"72";"Symbol Pokemon";"48";"0.5";"48";"48";"psychic";"";"5.0";"2";"0";"Levitate"
202;"Wobbuffet";"33";"Patient Pokemon";"58";"1.3";"190";"33";"psychic";"";"28.5";"2";"0";"Shadow Tag, Telepathy"
203;"Girafarig";"80";"Long Neck Pokemon";"65";"1.5";"70";"85";"normal";"psychic";"41.5";"2";"0";"Inner Focus, Early Bird, Sap Sipper"
204;"Pineco";"65";"Bagworm Pokemon";"90";"0.6";"50";"15";"bug";"";"7.2";"2";"0";"Sturdy, Overcoat"
205;"Forretress";"90";"Bagworm Pokemon";"140";"1.2";"75";"40";"bug";"steel";"125.8";"2";"0";"Sturdy, Overcoat"
206;"Dunsparce";"70";"Land Snake Pokemon";"70";"1.5";"100";"45";"normal";"";"14.0";"2";"0";"Serene Grace, Run Away, Rattled"
207;"Gligar";"75";"Flyscorpion Pokemon";"105";"1.1";"65";"85";"ground";"flying";"64.8";"2";"0";"Hyper Cutter, Sand Veil, Immunity"
208;"Steelix";"125";"Iron Snake Pokemon";"230";"9.2";"75";"30";"steel";"ground";"400.0";"2";"0";"Rock Head, Sturdy, Sheer Force"
209;"Snubbull";"80";"Fairy Pokemon";"50";"0.6";"60";"30";"fairy";"";"7.8";"2";"0";"Intimidate, Run Away, Rattled"
210;"Granbull";"120";"Fairy Pokemon";"75";"1.4";"90";"45";"fairy";"";"48.7";"2";"0";"Intimidate, Quick Feet, Rattled"
211;"Qwilfish";"95";"Balloon Pokemon";"85";"0.5";"65";"85";"water";"poison";"3.9";"2";"0";"Poison Point, Swift Swim, Intimidate"
212;"Scizor";"150";"Pincer Pokemon";"140";"1.8";"70";"75";"bug";"steel";"118.0";"2";"0";"Swarm, Technician, Light Metal"
213;"Shuckle";"10";"Mold Pokemon";"230";"0.6";"20";"5";"bug";"rock";"20.5";"2";"0";"Sturdy, Gluttony, Contrary"
214;"Heracross";"185";"Singlehorn Pokemon";"115";"1.5";"80";"75";"bug";"fighting";"54.0";"2";"0";"Swarm, Guts, Moxie"
215;"Sneasel";"95";"Sharp Claw Pokemon";"55";"0.9";"55";"115";"dark";"ice";"28.0";"2";"0";"Inner Focus, Keen Eye, Pickpocket"
216;"Teddiursa";"80";"Little Bear Pokemon";"50";"0.6";"60";"40";"normal";"";"8.8";"2";"0";"Pickup, Quick Feet, Honey Gather"
217;"Ursaring";"130";"Hibernator Pokemon";"75";"1.8";"90";"55";"normal";"";"125.8";"2";"0";"Guts, Quick Feet, Unnerve"
218;"Slugma";"40";"Lava Pokemon";"40";"0.7";"40";"20";"fire";"";"35.0";"2";"0";"Magma Armor, Flame Body, Weak Armor"
219;"Magcargo";"50";"Lava Pokemon";"120";"0.8";"60";"30";"fire";"rock";"55.0";"2";"0";"Magma Armor, Flame Body, Weak Armor"
220;"Swinub";"50";"Pig Pokemon";"40";"0.4";"50";"50";"ice";"ground";"6.5";"2";"0";"Oblivious, Snow Cloak, Thick Fat"
221;"Piloswine";"100";"Swine Pokemon";"80";"1.1";"100";"50";"ice";"ground";"55.8";"2";"0";"Oblivious, Snow Cloak, Thick Fat"
222;"Corsola";"55";"Coral Pokemon";"95";"0.6";"65";"35";"water";"rock";"5.0";"2";"0";"Hustle, Natural Cure, Regenerator"
223;"Remoraid";"65";"Jet Pokemon";"35";"0.6";"35";"65";"water";"";"12.0";"2";"0";"Hustle, Sniper, Moody"
224;"Octillery";"105";"Jet Pokemon";"75";"0.9";"75";"45";"water";"";"28.5";"2";"0";"Suction Cups, Sniper, Moody"
225;"Delibird";"55";"Delivery Pokemon";"45";"0.9";"45";"75";"ice";"flying";"16.0";"2";"0";"Vital Spirit, Hustle, Insomnia"
226;"Mantine";"40";"Kite Pokemon";"70";"2.1";"85";"70";"water";"flying";"220.0";"2";"0";"Swift Swim, Water Absorb, Water Veil"
227;"Skarmory";"80";"Armor Bird Pokemon";"140";"1.7";"65";"70";"steel";"flying";"50.5";"2";"0";"Keen Eye, Sturdy, Weak Armor"
228;"Houndour";"60";"Dark Pokemon";"30";"0.6";"45";"65";"dark";"fire";"10.8";"2";"0";"Early Bird, Flash Fire, Unnerve"
229;"Houndoom";"90";"Dark Pokemon";"90";"1.4";"75";"115";"dark";"fire";"35.0";"2";"0";"Early Bird, Flash Fire, Unnerve"
230;"Kingdra";"95";"Dragon Pokemon";"95";"1.8";"75";"85";"water";"dragon";"152.0";"2";"0";"Swift Swim, Sniper, Damp"
231;"Phanpy";"60";"Long Nose Pokemon";"60";"0.5";"90";"40";"ground";"";"33.5";"2";"0";"Pickup, Sand Veil"
232;"Donphan";"120";"Armor Pokemon";"120";"1.1";"90";"50";"ground";"";"120.0";"2";"0";"Sturdy, Sand Veil"
233;"Porygon2";"80";"Virtual Pokemon";"90";"0.6";"85";"60";"normal";"";"32.5";"2";"0";"Trace, Download, Analytic"
234;"Stantler";"95";"Big Horn Pokemon";"62";"1.4";"73";"85";"normal";"";"71.2";"2";"0";"Intimidate, Frisk, Sap Sipper"
235;"Smeargle";"20";"Painter Pokemon";"35";"1.2";"55";"75";"normal";"";"58.0";"2";"0";"Own Tempo, Technician, Moody"
236;"Tyrogue";"35";"Scuffle Pokemon";"35";"0.7";"35";"35";"fighting";"";"21.0";"2";"0";"Guts, Steadfast, Vital Spirit"
237;"Hitmontop";"95";"Handstand Pokemon";"95";"1.4";"50";"70";"fighting";"";"48.0";"2";"0";"Intimidate, Technician, Steadfast"
238;"Smoochum";"30";"Kiss Pokemon";"15";"0.4";"45";"65";"ice";"psychic";"6.0";"2";"0";"Oblivious, Forewarn, Hydration"
239;"Elekid";"63";"Electric Pokemon";"37";"0.6";"45";"95";"electric";"";"23.5";"2";"0";"Static, Vital Spirit"
240;"Magby";"75";"Live Coal Pokemon";"37";"0.7";"45";"83";"fire";"";"21.4";"2";"0";"Flame Body, Vital Spirit"
241;"Miltank";"80";"Milk Cow Pokemon";"105";"1.2";"95";"100";"normal";"";"75.5";"2";"0";"Thick Fat, Scrappy, Sap Sipper"
242;"Blissey";"10";"Happiness Pokemon";"10";"1.5";"255";"55";"normal";"";"46.8";"2";"0";"Natural Cure, Serene Grace, Healer"
243;"Raikou";"85";"Thunder Pokemon";"75";"1.9";"90";"115";"electric";"";"178.0";"2";"1";"Pressure, Inner Focus"
244;"Entei";"115";"Volcano Pokemon";"85";"2.1";"115";"100";"fire";"";"198.0";"2";"1";"Pressure, Inner Focus"
245;"Suicune";"75";"Aurora Pokemon";"115";"2.0";"100";"85";"water";"";"187.0";"2";"1";"Pressure, Inner Focus"
246;"Larvitar";"64";"Rock Skin Pokemon";"50";"0.6";"50";"41";"rock";"ground";"72.0";"2";"0";"Guts, Sand Veil"
247;"Pupitar";"84";"Hard Shell Pokemon";"70";"1.2";"70";"51";"rock";"ground";"152.0";"2";"0";"Shed Skin"
248;"Tyranitar";"164";"Armor Pokemon";"150";"2.0";"100";"71";"rock";"dark";"202.0";"2";"0";"Sand Stream, Unnerve"
249;"Lugia";"90";"Diving Pokemon";"130";"5.2";"106";"110";"psychic";"flying";"216.0";"2";"1";"Pressure, Multiscale"
250;"Ho-Oh";"130";"Rainbow Pokemon";"90";"3.8";"106";"90";"fire";"flying";"199.0";"2";"1";"Pressure, Regenerator"
251;"Celebi";"100";"Time Travel Pokemon";"100";"0.6";"100";"100";"psychic";"grass";"5.0";"2";"1";"Natural Cure"
252;"Treecko";"45";"Wood Gecko Pokemon";"35";"0.5";"40";"70";"grass";"";"5.0";"3";"0";"Overgrow, Unburden"
253;"Grovyle";"65";"Wood Gecko Pokemon";"45";"0.9";"50";"95";"grass";"";"21.6";"3";"0";"Overgrow, Unburden"
254;"Sceptile";"110";"Forest Pokemon";"75";"1.7";"70";"145";"grass";"";"52.2";"3";"0";"Overgrow, Unburden"
255;"Torchic";"60";"Chick Pokemon";"40";"0.4";"45";"45";"fire";"";"2.5";"3";"0";"Blaze, Speed Boost"
256;"Combusken";"85";"Young Fowl Pokemon";"60";"0.9";"60";"55";"fire";"fighting";"19.5";"3";"0";"Blaze, Speed Boost"
257;"Blaziken";"160";"Blaze Pokemon";"80";"1.9";"80";"100";"fire";"fighting";"52.0";"3";"0";"Blaze, Speed Boost"
258;"Mudkip";"70";"Mud Fish Pokemon";"50";"0.4";"50";"40";"water";"";"7.6";"3";"0";"Torrent, Damp"
259;"Marshtomp";"85";"Mud Fish Pokemon";"70";"0.7";"70";"50";"water";"ground";"28.0";"3";"0";"Torrent, Damp"
260;"Swampert";"150";"Mud Fish Pokemon";"110";"1.5";"100";"70";"water";"ground";"81.9";"3";"0";"Torrent, Damp"
261;"Poochyena";"55";"Bite Pokemon";"35";"0.5";"35";"35";"dark";"";"13.6";"3";"0";"Run Away, Quick Feet, Rattled"
262;"Mightyena";"90";"Bite Pokemon";"70";"1.0";"70";"70";"dark";"";"37.0";"3";"0";"Intimidate, Quick Feet, Moxie"
263;"Zigzagoon";"30";"Tiny Racoon Pokemon";"41";"0.4";"38";"60";"normal";"";"17.5";"3";"0";"Pickup, Gluttony, Quick Feet"
264;"Linoone";"70";"Rush Pokemon";"61";"0.5";"78";"100";"normal";"";"32.5";"3";"0";"Pickup, Gluttony, Quick Feet"
265;"Wurmple";"45";"Worm Pokemon";"35";"0.3";"45";"20";"bug";"";"3.6";"3";"0";"Shield Dust, Run Away"
266;"Silcoon";"35";"Cocoon Pokemon";"55";"0.6";"50";"15";"bug";"";"10.0";"3";"0";"Shed Skin"
267;"Beautifly";"70";"Butterfly Pokemon";"50";"1.0";"60";"65";"bug";"flying";"28.4";"3";"0";"Swarm, Rivalry"
268;"Cascoon";"35";"Cocoon Pokemon";"55";"0.7";"50";"15";"bug";"";"11.5";"3";"0";"Shed Skin"
269;"Dustox";"50";"Poison Moth Pokemon";"70";"1.2";"60";"65";"bug";"poison";"31.6";"3";"0";"Shield Dust, Compoundeyes"
270;"Lotad";"30";"Water Weed Pokemon";"30";"0.5";"40";"30";"water";"grass";"2.6";"3";"0";"Swift Swim, Rain Dish, Own Tempo"
271;"Lombre";"50";"Jolly Pokemon";"50";"1.2";"60";"50";"water";"grass";"32.5";"3";"0";"Swift Swim, Rain Dish, Own Tempo"
272;"Ludicolo";"70";"Carefree Pokemon";"70";"1.5";"80";"70";"water";"grass";"55.0";"3";"0";"Swift Swim, Rain Dish, Own Tempo"
273;"Seedot";"40";"Acorn Pokemon";"50";"0.5";"40";"30";"grass";"";"4.0";"3";"0";"Chlorophyll, Early Bird, Pickpocket"
274;"Nuzleaf";"70";"Wily Pokemon";"40";"1.0";"70";"60";"grass";"dark";"28.0";"3";"0";"Chlorophyll, Early Bird, Pickpocket"
275;"Shiftry";"100";"Wickid Pokemon";"60";"1.3";"90";"80";"grass";"dark";"59.6";"3";"0";"Chlorophyll, Early Bird, Pickpocket"
276;"Taillow";"55";"TinySwallow Pokemon";"30";"0.3";"40";"85";"normal";"flying";"2.3";"3";"0";"Guts, Scrappy"
277;"Swellow";"85";"Swallow Pokemon";"60";"0.7";"60";"125";"normal";"flying";"19.8";"3";"0";"Guts, Scrappy"
278;"Wingull";"30";"Seagull Pokemon";"30";"0.6";"40";"85";"water";"flying";"9.5";"3";"0";"Keen Eye, Hydration, Rain Dish"
279;"Pelipper";"50";"Water Bird Pokemon";"100";"1.2";"60";"65";"water";"flying";"28.0";"3";"0";"Keen Eye, Drizzle, Rain Dish"
280;"Ralts";"25";"Feeling Pokemon";"25";"0.4";"28";"40";"psychic";"fairy";"6.6";"3";"0";"Synchronize, Trace, Telepathy"
281;"Kirlia";"35";"Emotion Pokemon";"35";"0.8";"38";"50";"psychic";"fairy";"20.2";"3";"0";"Synchronize, Trace, Telepathy"
282;"Gardevoir";"85";"Embrace Pokemon";"65";"1.6";"68";"100";"psychic";"fairy";"48.4";"3";"0";"Synchronize, Trace, Telepathy"
283;"Surskit";"30";"Pond Skater Pokemon";"32";"0.5";"40";"65";"bug";"water";"1.7";"3";"0";"Swift Swim, Rain Dish"
284;"Masquerain";"60";"Eyeball Pokemon";"62";"0.8";"70";"80";"bug";"flying";"3.6";"3";"0";"Intimidate, Unnerve"
285;"Shroomish";"40";"Mushroom Pokemon";"60";"0.4";"60";"35";"grass";"";"4.5";"3";"0";"Effect Spore, Poison Heal, Quick Feet"
286;"Breloom";"130";"Mushroom Pokemon";"80";"1.2";"60";"70";"grass";"fighting";"39.2";"3";"0";"Effect Spore, Poison Heal, Technician"
287;"Slakoth";"60";"Slacker Pokemon";"60";"0.8";"60";"30";"normal";"";"24.0";"3";"0";"Truant"
288;"Vigoroth";"80";"Wild Monkey Pokemon";"80";"1.4";"80";"90";"normal";"";"46.5";"3";"0";"Vital Spirit"
289;"Slaking";"160";"Lazy Pokemon";"100";"2.0";"150";"100";"normal";"";"130.5";"3";"0";"Truant"
290;"Nincada";"45";"Trainee Pokemon";"90";"0.5";"31";"40";"bug";"ground";"5.5";"3";"0";"Compoundeyes, Run Away"
291;"Ninjask";"90";"Ninja Pokemon";"45";"0.8";"61";"160";"bug";"flying";"12.0";"3";"0";"Speed Boost, Infiltrator"
292;"Shedinja";"90";"Shed Pokemon";"45";"0.8";"1";"40";"bug";"ghost";"1.2";"3";"0";"Wonder Guard"
293;"Whismur";"51";"Whisper Pokemon";"23";"0.6";"64";"28";"normal";"";"16.3";"3";"0";"Soundproof, Rattled"
294;"Loudred";"71";"Big Voice Pokemon";"43";"1.0";"84";"48";"normal";"";"40.5";"3";"0";"Soundproof, Scrappy"
295;"Exploud";"91";"Loud Noise Pokemon";"63";"1.5";"104";"68";"normal";"";"84.0";"3";"0";"Soundproof, Scrappy"
296;"Makuhita";"60";"Guts Pokemon";"30";"1.0";"72";"25";"fighting";"";"86.4";"3";"0";"Thick Fat, Guts, Sheer Force"
297;"Hariyama";"120";"Arm Thrust Pokemon";"60";"2.3";"144";"50";"fighting";"";"253.8";"3";"0";"Thick Fat, Guts, Sheer Force"
298;"Azurill";"20";"Polka Dot Pokemon";"40";"0.2";"50";"20";"normal";"fairy";"2.0";"3";"0";"Thick Fat, Huge Power, Sap Sipper"
299;"Nosepass";"45";"Compass Pokemon";"135";"1.0";"30";"30";"rock";"";"97.0";"3";"0";"Sturdy, Magnet Pull, Sand Force"
300;"Skitty";"45";"Kitten Pokemon";"45";"0.6";"50";"50";"normal";"";"11.0";"3";"0";"Cute Charm, Normalize, Wonder Skin "
301;"Delcatty";"65";"Prim Pokemon";"65";"1.1";"70";"90";"normal";"";"32.6";"3";"0";"Cute Charm, Normalize, Wonder Skin "
302;"Sableye";"85";"Darkness Pokemon";"125";"0.5";"50";"20";"dark";"ghost";"11.0";"3";"0";"Keen Eye, Stall, Prankster"
303;"Mawile";"105";"Deceiver Pokemon";"125";"0.6";"50";"50";"steel";"fairy";"11.5";"3";"0";"Hyper Cutter, Intimidate, Sheer Force"
304;"Aron";"70";"Iron Armor Pokemon";"100";"0.4";"50";"30";"steel";"rock";"60.0";"3";"0";"Sturdy, Rock Head, Heavy Metal"
305;"Lairon";"90";"Iron Armor Pokemon";"140";"0.9";"60";"40";"steel";"rock";"120.0";"3";"0";"Sturdy, Rock Head, Heavy Metal"
306;"Aggron";"140";"Iron Armor Pokemon";"230";"2.1";"70";"50";"steel";"rock";"360.0";"3";"0";"Sturdy, Rock Head, Heavy Metal"
307;"Meditite";"40";"Meditate Pokemon";"55";"0.6";"30";"60";"fighting";"psychic";"11.2";"3";"0";"Pure Power, Telepathy"
308;"Medicham";"100";"Meditate Pokemon";"85";"1.3";"60";"100";"fighting";"psychic";"31.5";"3";"0";"Pure Power, Telepathy"
309;"Electrike";"45";"Lightning Pokemon";"40";"0.6";"40";"65";"electric";"";"15.2";"3";"0";"Static, Lightningrod, Minus"
310;"Manectric";"75";"Discharge Pokemon";"80";"1.5";"70";"135";"electric";"";"40.2";"3";"0";"Static, Lightningrod, Minus"
311;"Plusle";"50";"Cheering Pokemon";"40";"0.4";"60";"95";"electric";"";"4.2";"3";"0";"Plus, Lightningrod"
312;"Minun";"40";"Cheering Pokemon";"50";"0.4";"60";"95";"electric";"";"4.2";"3";"0";"Minus, Volt Absorb"
313;"Volbeat";"73";"Firefly Pokemon";"75";"0.7";"65";"85";"bug";"";"17.7";"3";"0";"Illuminate, Swarm, Prankster"
314;"Illumise";"47";"Firefly Pokemon";"75";"0.6";"65";"85";"bug";"";"17.7";"3";"0";"Oblivious, Tinted Lens, Prankster"
315;"Roselia";"60";"Thorn Pokemon";"45";"0.3";"50";"65";"grass";"poison";"2.0";"3";"0";"Natural Cure, Poison Point, Leaf Guard"
316;"Gulpin";"43";"Stomach Pokemon";"53";"0.4";"70";"40";"poison";"";"10.3";"3";"0";"Liquid Ooze, Sticky Hold, Gluttony"
317;"Swalot";"73";"Poison Bag Pokemon";"83";"1.7";"100";"55";"poison";"";"80.0";"3";"0";"Liquid Ooze, Sticky Hold, Gluttony"
318;"Carvanha";"90";"Savage Pokemon";"20";"0.8";"45";"65";"water";"dark";"20.8";"3";"0";"Rough Skin, Speed Boost"
319;"Sharpedo";"140";"Brutal Pokemon";"70";"1.8";"70";"105";"water";"dark";"88.8";"3";"0";"Rough Skin, Speed Boost"
320;"Wailmer";"70";"Ball Whale Pokemon";"35";"2.0";"130";"60";"water";"";"130.0";"3";"0";"Water Veil, Oblivious, Pressure"
321;"Wailord";"90";"Float Whale Pokemon";"45";"14.5";"170";"60";"water";"";"398.0";"3";"0";"Water Veil, Oblivious, Pressure"
322;"Numel";"60";"Numb Pokemon";"40";"0.7";"60";"35";"fire";"ground";"24.0";"3";"0";"Oblivious, Simple, Own Tempo"
323;"Camerupt";"120";"Eruption Pokemon";"100";"1.9";"70";"20";"fire";"ground";"220.0";"3";"0";"Magma Armor, Solid Rock, Anger Point"
324;"Torkoal";"85";"Coal Pokemon";"140";"0.5";"70";"20";"fire";"";"80.4";"3";"0";"White Smoke, Drought, Shell Armor"
325;"Spoink";"25";"Bounce Pokemon";"35";"0.7";"60";"60";"psychic";"";"30.6";"3";"0";"Thick Fat, Own Tempo, Gluttony"
326;"Grumpig";"45";"Manipulate Pokemon";"65";"0.9";"80";"80";"psychic";"";"71.5";"3";"0";"Thick Fat, Own Tempo, Gluttony"
327;"Spinda";"60";"Spot Panda Pokemon";"60";"1.1";"60";"60";"normal";"";"5.0";"3";"0";"Own Tempo, Tangled Feet, Contrary"
328;"Trapinch";"100";"Ant Pit Pokemon";"45";"0.7";"45";"10";"ground";"";"15.0";"3";"0";"Hyper Cutter, Arena Trap, Sheer Force"
329;"Vibrava";"70";"Vibration Pokemon";"50";"1.1";"50";"70";"ground";"dragon";"15.3";"3";"0";"Levitate"
330;"Flygon";"100";"Mystic Pokemon";"80";"2.0";"80";"100";"ground";"dragon";"82.0";"3";"0";"Levitate"
331;"Cacnea";"85";"Cactus Pokemon";"40";"0.4";"50";"35";"grass";"";"51.3";"3";"0";"Sand Veil, Water Absorb"
332;"Cacturne";"115";"Scarecrow Pokemon";"60";"1.3";"70";"55";"grass";"dark";"77.4";"3";"0";"Sand Veil, Water Absorb"
333;"Swablu";"40";"Cotton Bird Pokemon";"60";"0.4";"45";"50";"normal";"flying";"1.2";"3";"0";"Natural Cure, Cloud Nine"
334;"Altaria";"110";"Humming Pokemon";"110";"1.1";"75";"80";"dragon";"flying";"20.6";"3";"0";"Natural Cure, Cloud Nine"
335;"Zangoose";"115";"Cat Ferret Pokemon";"60";"1.3";"73";"90";"normal";"";"40.3";"3";"0";"Immunity, Toxic Boost"
336;"Seviper";"100";"Fang Snake Pokemon";"60";"2.7";"73";"65";"poison";"";"52.5";"3";"0";"Shed Skin, Infiltrator"
337;"Lunatone";"55";"Meteorite Pokemon";"65";"1.0";"90";"70";"rock";"psychic";"168.0";"3";"0";"Levitate"
338;"Solrock";"95";"Meteorite Pokemon";"85";"1.2";"90";"70";"rock";"psychic";"154.0";"3";"0";"Levitate"
339;"Barboach";"48";"Whiskers Pokemon";"43";"0.4";"50";"60";"water";"ground";"1.9";"3";"0";"Oblivious, Anticipation, Hydration"
340;"Whiscash";"78";"Whiskers Pokemon";"73";"0.9";"110";"60";"water";"ground";"23.6";"3";"0";"Oblivious, Anticipation, Hydration"
341;"Corphish";"80";"Ruffian Pokemon";"65";"0.6";"43";"35";"water";"";"11.5";"3";"0";"Hyper Cutter, Shell Armor, Adaptability"
342;"Crawdaunt";"120";"Rogue Pokemon";"85";"1.1";"63";"55";"water";"dark";"32.8";"3";"0";"Hyper Cutter, Shell Armor, Adaptability"
343;"Baltoy";"40";"Clay Doll Pokemon";"55";"0.5";"40";"55";"ground";"psychic";"21.5";"3";"0";"Levitate"
344;"Claydol";"70";"Clay Doll Pokemon";"105";"1.5";"60";"75";"ground";"psychic";"108.0";"3";"0";"Levitate"
345;"Lileep";"41";"Sea Lily Pokemon";"77";"1.0";"66";"23";"rock";"grass";"23.8";"3";"0";"Suction Cups, Storm Drain"
346;"Cradily";"81";"Barnacle Pokemon";"97";"1.5";"86";"43";"rock";"grass";"60.4";"3";"0";"Suction Cups, Storm Drain"
347;"Anorith";"95";"Old Shrimp Pokemon";"50";"0.7";"45";"75";"rock";"bug";"12.5";"3";"0";"Battle Armor, Swift Swim"
348;"Armaldo";"125";"Plate Pokemon";"100";"1.5";"75";"45";"rock";"bug";"68.2";"3";"0";"Battle Armor, Swift Swim"
349;"Feebas";"15";"Fish Pokemon";"20";"0.6";"20";"80";"water";"";"7.4";"3";"0";"Swift Swim, Oblivious, Adaptability"
350;"Milotic";"60";"Tender Pokemon";"79";"6.2";"95";"81";"water";"";"162.0";"3";"0";"Marvel Scale, Competitive, Cute Charm"
351;"Castform";"70";"Weather Pokemon";"70";"0.3";"70";"70";"normal";"";"0.8";"3";"0";"Forecast"
352;"Kecleon";"90";"Color Swap Pokemon";"70";"1.0";"60";"40";"normal";"";"22.0";"3";"0";"Color Change, Protean"
353;"Shuppet";"75";"Puppet Pokemon";"35";"0.6";"44";"45";"ghost";"";"2.3";"3";"0";"Insomnia, Frisk, Cursed Body"
354;"Banette";"165";"Marionette Pokemon";"75";"1.1";"64";"75";"ghost";"";"12.5";"3";"0";"Insomnia, Frisk, Cursed Body"
355;"Duskull";"40";"Requiem Pokemon";"90";"0.8";"20";"25";"ghost";"";"15.0";"3";"0";"Levitate, Frisk"
356;"Dusclops";"70";"Beckon Pokemon";"130";"1.6";"40";"25";"ghost";"";"30.6";"3";"0";"Pressure, Frisk"
357;"Tropius";"68";"Fruit Pokemon";"83";"2.0";"99";"51";"grass";"flying";"100.0";"3";"0";"Chlorophyll, Solar Power, Harvest"
358;"Chimecho";"50";"Wind Chime Pokemon";"80";"0.6";"75";"65";"psychic";"";"1.0";"3";"0";"Levitate"
359;"Absol";"150";"Disaster Pokemon";"60";"1.2";"65";"115";"dark";"";"47.0";"3";"0";"Pressure, Super Luck, Justified"
360;"Wynaut";"23";"Bright Pokemon";"48";"0.6";"95";"23";"psychic";"";"14.0";"3";"0";"Shadow Tag, Telepathy"
361;"Snorunt";"50";"Snow Hat Pokemon";"50";"0.7";"50";"50";"ice";"";"16.8";"3";"0";"Inner Focus, Ice Body, Moody"
362;"Glalie";"120";"Face Pokemon";"80";"1.5";"80";"100";"ice";"";"256.5";"3";"0";"Inner Focus, Ice Body, Moody"
363;"Spheal";"40";"Clap Pokemon";"50";"0.8";"70";"25";"ice";"water";"39.5";"3";"0";"Thick Fat, Ice Body, Oblivious"
364;"Sealeo";"60";"Ball Roll Pokemon";"70";"1.1";"90";"45";"ice";"water";"87.6";"3";"0";"Thick Fat, Ice Body, Oblivious"
365;"Walrein";"80";"Ice Break Pokemon";"90";"1.4";"110";"65";"ice";"water";"150.6";"3";"0";"Thick Fat, Ice Body, Oblivious"
366;"Clamperl";"64";"Bivalve Pokemon";"85";"0.4";"35";"32";"water";"";"52.5";"3";"0";"Shell Armor, Rattled"
367;"Huntail";"104";"Deep Sea Pokemon";"105";"1.7";"55";"52";"water";"";"27.0";"3";"0";"Swift Swim, Water Veil"
368;"Gorebyss";"84";"South Sea Pokemon";"105";"1.8";"55";"52";"water";"";"22.6";"3";"0";"Swift Swim, Hydration"
369;"Relicanth";"90";"Longevity Pokemon";"130";"1.0";"100";"55";"water";"rock";"23.4";"3";"0";"Swift Swim, Rock Head, Sturdy"
370;"Luvdisc";"30";"Rendezvous Pokemon";"55";"0.6";"43";"97";"water";"";"8.7";"3";"0";"Swift Swim, Hydration"
371;"Bagon";"75";"Rock Head Pokemon";"60";"0.6";"45";"50";"dragon";"";"42.1";"3";"0";"Rock Head, Sheer Force"
372;"Shelgon";"95";"Endurance Pokemon";"100";"1.1";"65";"50";"dragon";"";"110.5";"3";"0";"Rock Head, Overcoat"
373;"Salamence";"145";"Dragon Pokemon";"130";"1.5";"95";"120";"dragon";"flying";"102.6";"3";"0";"Intimidate, Moxie"
374;"Beldum";"55";"Iron Ball Pokemon";"80";"0.6";"40";"30";"steel";"psychic";"95.2";"3";"0";"Clear Body, Light Metal"
375;"Metang";"75";"Iron Claw Pokemon";"100";"1.2";"60";"50";"steel";"psychic";"202.5";"3";"0";"Clear Body, Light Metal"
376;"Metagross";"145";"Iron Leg Pokemon";"150";"1.6";"80";"110";"steel";"psychic";"550.0";"3";"0";"Clear Body, Light Metal"
377;"Regirock";"100";"Rock Peak Pokemon";"200";"1.7";"80";"50";"rock";"";"230.0";"3";"1";"Clear Body, Sturdy"
378;"Regice";"50";"Iceberg Pokemon";"100";"1.8";"80";"50";"ice";"";"175.0";"3";"1";"Clear Body, Ice Body"
379;"Registeel";"75";"Iron Pokemon";"150";"1.9";"80";"50";"steel";"";"205.0";"3";"1";"Clear Body, Light Metal"
380;"Latias";"100";"Eon Pokemon";"120";"1.4";"80";"110";"dragon";"psychic";"40.0";"3";"1";"Levitate"
381;"Latios";"130";"Eon Pokemon";"100";"2.0";"80";"110";"dragon";"psychic";"60.0";"3";"1";"Levitate"
382;"Kyogre";"150";"Sea Basin Pokemon";"90";"4.5";"100";"90";"water";"";"352.0";"3";"1";"Drizzle"
383;"Groudon";"180";"Continent Pokemon";"160";"3.5";"100";"90";"ground";"";"950.0";"3";"1";"Drought"
384;"Rayquaza";"180";"Sky High Pokemon";"100";"7.0";"105";"115";"dragon";"flying";"206.5";"3";"1";"Air Lock"
385;"Jirachi";"100";"Wish Pokemon";"100";"0.3";"100";"100";"steel";"psychic";"1.1";"3";"1";"Serene Grace"
386;"Deoxys";"95";"DNA Pokemon";"90";"1.7";"50";"180";"psychic";"";"60.8";"3";"1";"Pressure"
387;"Turtwig";"68";"Tiny Leaf Pokemon";"64";"0.4";"55";"31";"grass";"";"10.2";"4";"0";"Overgrow, Shell Armor"
388;"Grotle";"89";"Grove Pokemon";"85";"1.1";"75";"36";"grass";"";"97.0";"4";"0";"Overgrow, Shell Armor"
389;"Torterra";"109";"Continent Pokemon";"105";"2.2";"95";"56";"grass";"ground";"310.0";"4";"0";"Overgrow, Shell Armor"
390;"Chimchar";"58";"Chimp Pokemon";"44";"0.5";"44";"61";"fire";"";"6.2";"4";"0";"Blaze, Iron Fist"
391;"Monferno";"78";"Playful Pokemon";"52";"0.9";"64";"81";"fire";"fighting";"22.0";"4";"0";"Blaze, Iron Fist"
392;"Infernape";"104";"Flame Pokemon";"71";"1.2";"76";"108";"fire";"fighting";"55.0";"4";"0";"Blaze, Iron Fist"
393;"Piplup";"51";"Penguin Pokemon";"53";"0.4";"53";"40";"water";"";"5.2";"4";"0";"Torrent, Defiant"
394;"Prinplup";"66";"Penguin Pokemon";"68";"0.8";"64";"50";"water";"";"23.0";"4";"0";"Torrent, Defiant"
395;"Empoleon";"86";"Emperor Pokemon";"88";"1.7";"84";"60";"water";"steel";"84.5";"4";"0";"Torrent, Defiant"
396;"Starly";"55";"Starling Pokemon";"30";"0.3";"40";"60";"normal";"flying";"2.0";"4";"0";"Keen Eye, Reckless"
397;"Staravia";"75";"Starling Pokemon";"50";"0.6";"55";"80";"normal";"flying";"15.5";"4";"0";"Intimidate, Reckless"
398;"Staraptor";"120";"Predator Pokemon";"70";"1.2";"85";"100";"normal";"flying";"24.9";"4";"0";"Intimidate, Reckless"
399;"Bidoof";"45";"Plump Mouse Pokemon";"40";"0.5";"59";"31";"normal";"";"20.0";"4";"0";"Simple, Unaware, Moody"
400;"Bibarel";"85";"Beaver Pokemon";"60";"1.0";"79";"71";"normal";"water";"31.5";"4";"0";"Simple, Unaware, Moody"
401;"Kricketot";"25";"Cricket Pokemon";"41";"0.3";"37";"25";"bug";"";"2.2";"4";"0";"Shed Skin, Run Away"
402;"Kricketune";"85";"Cricket Pokemon";"51";"1.0";"77";"65";"bug";"";"25.5";"4";"0";"Swarm, Technician"
403;"Shinx";"65";"Flash Pokemon";"34";"0.5";"45";"45";"electric";"";"9.5";"4";"0";"Rivalry, Intimidate, Guts"
404;"Luxio";"85";"Spark Pokemon";"49";"0.9";"60";"60";"electric";"";"30.5";"4";"0";"Rivalry, Intimidate, Guts"
405;"Luxray";"120";"Gleam Eyes Pokemon";"79";"1.4";"80";"70";"electric";"";"42.0";"4";"0";"Rivalry, Intimidate, Guts"
406;"Budew";"30";"Bud Pokemon";"35";"0.2";"40";"55";"grass";"poison";"1.2";"4";"0";"Natural Cure, Poison Point, Leaf Guard"
407;"Roserade";"70";"Bouquet Pokemon";"65";"0.9";"60";"90";"grass";"poison";"14.5";"4";"0";"Natural Cure, Poison Point, Technician"
408;"Cranidos";"125";"Head Butt Pokemon";"40";"0.9";"67";"58";"rock";"";"31.5";"4";"0";"Mold Breaker, Sheer Force"
409;"Rampardos";"165";"Head Butt Pokemon";"60";"1.6";"97";"58";"rock";"";"102.5";"4";"0";"Mold Breaker, Sheer Force"
410;"Shieldon";"42";"Shield Pokemon";"118";"0.5";"30";"30";"rock";"steel";"57.0";"4";"0";"Sturdy, Soundproof"
411;"Bastiodon";"52";"Shield Pokemon";"168";"1.3";"60";"30";"rock";"steel";"149.5";"4";"0";"Sturdy, Soundproof"
412;"Burmy";"29";"Bagworm Pokemon";"45";"0.2";"40";"36";"bug";"";"3.4";"4";"0";"Shed Skin, Overcoat"
413;"Wormadam";"69";"Bagworm Pokemon";"95";"0.5";"60";"36";"bug";"grass";"6.5";"4";"0";"Anticipation, Overcoat"
414;"Mothim";"94";"Moth Pokemon";"50";"0.9";"70";"66";"bug";"flying";"23.3";"4";"0";"Swarm, Tinted Lens"
415;"Combee";"30";"Tiny Bee Pokemon";"42";"0.3";"30";"70";"bug";"flying";"5.5";"4";"0";"Honey Gather, Hustle"
416;"Vespiquen";"80";"Beehive Pokemon";"102";"1.2";"70";"40";"bug";"flying";"38.5";"4";"0";"Pressure, Unnerve"
417;"Pachirisu";"45";"EleSquirrel Pokemon";"70";"0.4";"60";"95";"electric";"";"3.9";"4";"0";"Run Away, Pickup, Volt Absorb"
418;"Buizel";"65";"Sea Weasel Pokemon";"35";"0.7";"55";"85";"water";"";"29.5";"4";"0";"Swift Swim, Water Veil"
419;"Floatzel";"105";"Sea Weasel Pokemon";"55";"1.1";"85";"115";"water";"";"33.5";"4";"0";"Swift Swim, Water Veil"
420;"Cherubi";"35";"Cherry Pokemon";"45";"0.4";"45";"35";"grass";"";"3.3";"4";"0";"Chlorophyll"
421;"Cherrim";"60";"Blossom Pokemon";"70";"0.5";"70";"85";"grass";"";"9.3";"4";"0";"Flower Gift"
422;"Shellos";"48";"Sea Slug Pokemon";"48";"0.3";"76";"34";"water";"";"6.3";"4";"0";"Sticky Hold, Storm Drain, Sand Force"
423;"Gastrodon";"83";"Sea Slug Pokemon";"68";"0.9";"111";"39";"water";"ground";"29.9";"4";"0";"Sticky Hold, Storm Drain, Sand Force"
424;"Ambipom";"100";"Long Tail Pokemon";"66";"1.2";"75";"115";"normal";"";"20.3";"4";"0";"Technician, Pickup, Skill Link"
425;"Drifloon";"50";"Balloon Pokemon";"34";"0.4";"90";"70";"ghost";"flying";"1.2";"4";"0";"Aftermath, Unburden, Flare Boost"
426;"Drifblim";"80";"Blimp Pokemon";"44";"1.2";"150";"80";"ghost";"flying";"15.0";"4";"0";"Aftermath, Unburden, Flare Boost"
427;"Buneary";"66";"Rabbit Pokemon";"44";"0.4";"55";"85";"normal";"";"5.5";"4";"0";"Run Away, Klutz, Limber"
428;"Lopunny";"136";"Rabbit Pokemon";"94";"1.2";"65";"135";"normal";"";"33.3";"4";"0";"Cute Charm, Klutz, Limber"
429;"Mismagius";"60";"Magical Pokemon";"60";"0.9";"60";"105";"ghost";"";"4.4";"4";"0";"Levitate"
430;"Honchkrow";"125";"Big Boss Pokemon";"52";"0.9";"100";"71";"dark";"flying";"27.3";"4";"0";"Insomnia, Super Luck, Moxie"
431;"Glameow";"55";"Catty Pokemon";"42";"0.5";"49";"85";"normal";"";"3.9";"4";"0";"Limber, Own Tempo, Keen Eye"
432;"Purugly";"82";"Tiger Cat Pokemon";"64";"1.0";"71";"112";"normal";"";"43.8";"4";"0";"Thick Fat, Own Tempo, Defiant"
433;"Chingling";"30";"Bell Pokemon";"50";"0.2";"45";"45";"psychic";"";"0.6";"4";"0";"Levitate"
434;"Stunky";"63";"Skunk Pokemon";"47";"0.4";"63";"74";"poison";"dark";"19.2";"4";"0";"Stench, Aftermath, Keen Eye"
435;"Skuntank";"93";"Skunk Pokemon";"67";"1.0";"103";"84";"poison";"dark";"38.0";"4";"0";"Stench, Aftermath, Keen Eye"
436;"Bronzor";"24";"Bronze Pokemon";"86";"0.5";"57";"23";"steel";"psychic";"60.5";"4";"0";"Levitate, Heatproof, Heavy Metal"
437;"Bronzong";"89";"Bronze Bell Pokemon";"116";"1.3";"67";"33";"steel";"psychic";"187.0";"4";"0";"Levitate, Heatproof, Heavy Metal"
438;"Bonsly";"80";"Bonsai Pokemon";"95";"0.5";"50";"10";"rock";"";"15.0";"4";"0";"Sturdy, Rock Head, Rattled"
439;"Mime Jr.";"25";"Mime Pokemon";"45";"0.6";"20";"60";"psychic";"fairy";"13.0";"4";"0";"Soundproof, Filter, Technician"
440;"Happiny";"5";"Playhouse Pokemon";"5";"0.6";"100";"30";"normal";"";"24.4";"4";"0";"Natural Cure, Serene Grace, Friend Guard"
441;"Chatot";"65";"Music Note Pokemon";"45";"0.5";"76";"91";"normal";"flying";"1.9";"4";"0";"Keen Eye, Tangled Feet, Big Pecks"
442;"Spiritomb";"92";"Forbidden Pokemon";"108";"1.0";"50";"35";"ghost";"dark";"108.0";"4";"0";"Pressure, Infiltrator"
443;"Gible";"70";"Land Shark Pokemon";"45";"0.7";"58";"42";"dragon";"ground";"20.5";"4";"0";"Sand Veil, Rough Skin"
444;"Gabite";"90";"Cave Pokemon";"65";"1.4";"68";"82";"dragon";"ground";"56.0";"4";"0";"Sand Veil, Rough Skin"
445;"Garchomp";"170";"Mach Pokemon";"115";"1.9";"108";"92";"dragon";"ground";"95.0";"4";"0";"Sand Veil, Rough Skin"
446;"Munchlax";"85";"Big Eater Pokemon";"40";"0.6";"135";"5";"normal";"";"105.0";"4";"0";"Pickup, Thick Fat, Gluttony"
447;"Riolu";"70";"Emanation Pokemon";"40";"0.7";"40";"60";"fighting";"";"20.2";"4";"0";"Steadfast, Inner Focus, Prankster"
448;"Lucario";"145";"Aura Pokemon";"88";"1.2";"70";"112";"fighting";"steel";"54.0";"4";"0";"Steadfast, Inner Focus, Justified"
449;"Hippopotas";"72";"Hippo Pokemon";"78";"0.8";"68";"32";"ground";"";"49.5";"4";"0";"Sand Stream, Sand Force"
450;"Hippowdon";"112";"Heavyweight Pokemon";"118";"2.0";"108";"47";"ground";"";"300.0";"4";"0";"Sand Stream, Sand Force"
451;"Skorupi";"50";"Scorpion Pokemon";"90";"0.8";"40";"65";"poison";"bug";"12.0";"4";"0";"Battle Armor, Sniper, Keen Eye"
452;"Drapion";"90";"Ogre Scorp Pokemon";"110";"1.3";"70";"95";"poison";"dark";"61.5";"4";"0";"Battle Armor, Sniper, Keen Eye"
453;"Croagunk";"61";"Toxic Mouth Pokemon";"40";"0.7";"48";"50";"poison";"fighting";"23.0";"4";"0";"Anticipation, Dry Skin, Poison Touch"
454;"Toxicroak";"106";"Toxic Mouth Pokemon";"65";"1.3";"83";"85";"poison";"fighting";"44.4";"4";"0";"Anticipation, Dry Skin, Poison Touch"
455;"Carnivine";"100";"Bug Catcher Pokemon";"72";"1.4";"74";"46";"grass";"";"27.0";"4";"0";"Levitate"
456;"Finneon";"49";"Wing Fish Pokemon";"56";"0.4";"49";"66";"water";"";"7.0";"4";"0";"Swift Swim, Storm Drain, Water Veil"
457;"Lumineon";"69";"Neon Pokemon";"76";"1.2";"69";"91";"water";"";"24.0";"4";"0";"Swift Swim, Storm Drain, Water Veil"
458;"Mantyke";"20";"Kite Pokemon";"50";"1.0";"45";"50";"water";"flying";"65.0";"4";"0";"Swift Swim, Water Absorb, Water Veil"
459;"Snover";"62";"Frosted Tree Pokemon";"50";"1.0";"60";"40";"grass";"ice";"50.5";"4";"0";"Snow Warning, Soundproof"
460;"Abomasnow";"132";"Frosted Tree Pokemon";"105";"2.2";"90";"30";"grass";"ice";"135.5";"4";"0";"Snow Warning, Soundproof"
461;"Weavile";"120";"Sharp Claw Pokemon";"65";"1.1";"70";"125";"dark";"ice";"34.0";"4";"0";"Pressure, Pickpocket"
462;"Magnezone";"70";"Magnet Area Pokemon";"115";"1.2";"70";"60";"electric";"steel";"180.0";"4";"0";"Magnet Pull, Sturdy, Analytic"
463;"Lickilicky";"85";"Licking Pokemon";"95";"1.7";"110";"50";"normal";"";"140.0";"4";"0";"Own Tempo, Oblivious, Cloud Nine"
464;"Rhyperior";"140";"Drill Pokemon";"130";"2.4";"115";"40";"ground";"rock";"282.8";"4";"0";"Lightningrod, Solid Rock, Reckless"
465;"Tangrowth";"100";"Vine Pokemon";"125";"2.0";"100";"50";"grass";"";"128.6";"4";"0";"Chlorophyll, Leaf Guard, Regenerator"
466;"Electivire";"123";"Thunderbolt Pokemon";"67";"1.8";"75";"95";"electric";"";"138.6";"4";"0";"Motor Drive, Vital Spirit"
467;"Magmortar";"95";"Blast Pokemon";"67";"1.6";"75";"83";"fire";"";"68.0";"4";"0";"Flame Body, Vital Spirit"
468;"Togekiss";"50";"Jubilee Pokemon";"95";"1.5";"85";"80";"fairy";"flying";"38.0";"4";"0";"Hustle, Serene Grace, Super Luck"
469;"Yanmega";"76";"Ogre Darner Pokemon";"86";"1.9";"86";"95";"bug";"flying";"51.5";"4";"0";"Speed Boost, Tinted Lens, Frisk"
470;"Leafeon";"110";"Verdant Pokemon";"130";"1.0";"65";"95";"grass";"";"25.5";"4";"0";"Leaf Guard, Chlorophyll"
471;"Glaceon";"60";"Fresh Snow Pokemon";"110";"0.8";"65";"65";"ice";"";"25.9";"4";"0";"Snow Cloak, Ice Body"
472;"Gliscor";"95";"Fang Scorp Pokemon";"125";"2.0";"75";"95";"ground";"flying";"42.5";"4";"0";"Hyper Cutter, Sand Veil, Poison Heal"
473;"Mamoswine";"130";"Twin Tusk Pokemon";"80";"2.5";"110";"80";"ice";"ground";"291.0";"4";"0";"Oblivious, Snow Cloak, Thick Fat"
474;"Porygon-Z";"80";"Virtual Pokemon";"70";"0.9";"85";"90";"normal";"";"34.0";"4";"0";"Adaptability, Download, Analytic"
475;"Gallade";"165";"Blade Pokemon";"95";"1.6";"68";"110";"psychic";"fighting";"52.0";"4";"0";"Steadfast, Justified"
476;"Probopass";"55";"Compass Pokemon";"145";"1.4";"60";"40";"rock";"steel";"340.0";"4";"0";"Sturdy, Magnet Pull, Sand Force"
477;"Dusknoir";"100";"Gripper Pokemon";"135";"2.2";"45";"45";"ghost";"";"106.6";"4";"0";"Pressure, Frisk"
478;"Froslass";"80";"Snow Land Pokemon";"70";"1.3";"70";"110";"ice";"ghost";"26.6";"4";"0";"Snow Cloak, Cursed Body"
479;"Rotom";"65";"Plasma Pokemon";"107";"0.3";"50";"86";"electric";"ghost";"0.3";"4";"0";"Levitate"
480;"Uxie";"75";"Knowledge Pokemon";"130";"0.3";"75";"95";"psychic";"";"0.3";"4";"1";"Levitate"
481;"Mesprit";"105";"Emotion Pokemon";"105";"0.3";"80";"80";"psychic";"";"0.3";"4";"1";"Levitate"
482;"Azelf";"125";"Willpower Pokemon";"70";"0.3";"75";"115";"psychic";"";"0.3";"4";"1";"Levitate"
483;"Dialga";"120";"Temporal Pokemon";"120";"5.4";"100";"90";"steel";"dragon";"683.0";"4";"1";"Pressure, Telepathy"
484;"Palkia";"120";"Spatial Pokemon";"100";"4.2";"90";"100";"water";"dragon";"336.0";"4";"1";"Pressure, Telepathy"
485;"Heatran";"90";"Lava Dome Pokemon";"106";"1.7";"91";"77";"fire";"steel";"430.0";"4";"1";"Flash Fire, Flame Body"
486;"Regigigas";"160";"Colossal Pokemon";"110";"3.7";"110";"100";"normal";"";"420.0";"4";"1";"Slow Start"
487;"Giratina";"120";"Renegade Pokemon";"100";"4.5";"150";"90";"ghost";"dragon";"750.0";"4";"1";"Pressure, Telepathy, Levitate"
488;"Cresselia";"70";"Lunar Pokemon";"120";"1.5";"120";"85";"psychic";"";"85.6";"4";"1";"Levitate"
489;"Phione";"80";"Sea Drifter Pokemon";"80";"0.4";"80";"80";"water";"";"3.1";"4";"0";"Hydration"
490;"Manaphy";"100";"Seafaring Pokemon";"100";"0.3";"100";"100";"water";"";"1.4";"4";"1";"Hydration"
491;"Darkrai";"90";"Pitch-Black Pokemon";"90";"1.5";"70";"125";"dark";"";"50.5";"4";"1";"Bad Dreams"
492;"Shaymin";"103";"Gratitude Pokemon";"75";"0.2";"100";"127";"grass";"grass";"2.1";"4";"1";"Natural Cure, Serene Grace"
493;"Arceus";"120";"Alpha Pokemon";"120";"3.2";"120";"120";"normal";"";"320.0";"4";"1";"Multitype"
494;"Victini";"100";"Victory Pokemon";"100";"0.4";"100";"100";"psychic";"fire";"4.0";"5";"1";"Victory Star"
495;"Snivy";"45";"Grass Snake Pokemon";"55";"0.6";"45";"63";"grass";"";"8.1";"5";"0";"Overgrow, Contrary"
496;"Servine";"60";"Grass Snake Pokemon";"75";"0.8";"60";"83";"grass";"";"16.0";"5";"0";"Overgrow, Contrary"
497;"Serperior";"75";"Regal Pokemon";"95";"3.3";"75";"113";"grass";"";"63.0";"5";"0";"Overgrow, Contrary"
498;"Tepig";"63";"Fire Pig Pokemon";"45";"0.5";"65";"45";"fire";"";"9.9";"5";"0";"Blaze, Thick Fat"
499;"Pignite";"93";"Fire Pig Pokemon";"55";"1.0";"90";"55";"fire";"fighting";"55.5";"5";"0";"Blaze, Thick Fat"
500;"Emboar";"123";"Mega Fire Pig Pokemon";"65";"1.6";"110";"65";"fire";"fighting";"150.0";"5";"0";"Blaze, Reckless"
501;"Oshawott";"55";"Sea Otter Pokemon";"45";"0.5";"55";"45";"water";"";"5.9";"5";"0";"Torrent, Shell Armor"
502;"Dewott";"75";"Discipline Pokemon";"60";"0.8";"75";"60";"water";"";"24.5";"5";"0";"Torrent, Shell Armor"
503;"Samurott";"100";"Formidable Pokemon";"85";"1.5";"95";"70";"water";"";"94.6";"5";"0";"Torrent, Shell Armor"
504;"Patrat";"55";"Scout Pokemon";"39";"0.5";"45";"42";"normal";"";"11.6";"5";"0";"Run Away, Keen Eye, Analytic"
505;"Watchog";"85";"Lookout Pokemon";"69";"1.1";"60";"77";"normal";"";"27.0";"5";"0";"Illuminate, Keen Eye, Analytic"
506;"Lillipup";"60";"Puppy Pokemon";"45";"0.4";"45";"55";"normal";"";"4.1";"5";"0";"Vital Spirit, Pickup, Run Away"
507;"Herdier";"80";"Loyal Dog Pokemon";"65";"0.9";"65";"60";"normal";"";"14.7";"5";"0";"Intimidate, Sand Rush, Scrappy"
508;"Stoutland";"110";"Big-Hearted Pokemon";"90";"1.2";"85";"80";"normal";"";"61.0";"5";"0";"Intimidate, Sand Rush, Scrappy"
509;"Purrloin";"50";"Devious Pokemon";"37";"0.4";"41";"66";"dark";"";"10.1";"5";"0";"Limber, Unburden, Prankster"
510;"Liepard";"88";"Cruel Pokemon";"50";"1.1";"64";"106";"dark";"";"37.5";"5";"0";"Limber, Unburden, Prankster"
511;"Pansage";"53";"Grass Monkey Pokemon";"48";"0.6";"50";"64";"grass";"";"10.5";"5";"0";"Gluttony, Overgrow"
512;"Simisage";"98";"Thorn Monkey Pokemon";"63";"1.1";"75";"101";"grass";"";"30.5";"5";"0";"Gluttony, Overgrow"
513;"Pansear";"53";"High Temp Pokemon";"48";"0.6";"50";"64";"fire";"";"11.0";"5";"0";"Gluttony, Blaze"
514;"Simisear";"98";"Ember Pokemon";"63";"1.0";"75";"101";"fire";"";"28.0";"5";"0";"Gluttony, Blaze"
515;"Panpour";"53";"Spray Pokemon";"48";"0.6";"50";"64";"water";"";"13.5";"5";"0";"Gluttony, Torrent"
516;"Simipour";"98";"Geyser Pokemon";"63";"1.0";"75";"101";"water";"";"29.0";"5";"0";"Gluttony, Torrent"
517;"Munna";"25";"Dream Eater Pokemon";"45";"0.6";"76";"24";"psychic";"";"23.3";"5";"0";"Forewarn, Synchronize, Telepathy"
518;"Musharna";"55";"Drowsing Pokemon";"85";"1.1";"116";"29";"psychic";"";"60.5";"5";"0";"Forewarn, Synchronize, Telepathy"
519;"Pidove";"55";"Tiny Pigeon Pokemon";"50";"0.3";"50";"43";"normal";"flying";"2.1";"5";"0";"Big Pecks, Super Luck, Rivalry"
520;"Tranquill";"77";"Wild Pigeon Pokemon";"62";"0.6";"62";"65";"normal";"flying";"15.0";"5";"0";"Big Pecks, Super Luck, Rivalry"
521;"Unfezant";"115";"Proud Pokemon";"80";"1.2";"80";"93";"normal";"flying";"29.0";"5";"0";"Big Pecks, Super Luck, Rivalry"
522;"Blitzle";"60";"Electrified Pokemon";"32";"0.8";"45";"76";"electric";"";"29.8";"5";"0";"Lightningrod, Motor Drive, Sap Sipper"
523;"Zebstrika";"100";"Thunderbolt Pokemon";"63";"1.6";"75";"116";"electric";"";"79.5";"5";"0";"Lightningrod, Motor Drive, Sap Sipper"
524;"Roggenrola";"75";"Mantle Pokemon";"85";"0.4";"55";"15";"rock";"";"18.0";"5";"0";"Sturdy, Weak Armor, Sand Force"
525;"Boldore";"105";"Ore Pokemon";"105";"0.9";"70";"20";"rock";"";"102.0";"5";"0";"Sturdy, Weak Armor, Sand Force"
526;"Gigalith";"135";"Compressed Pokemon";"130";"1.7";"85";"25";"rock";"";"260.0";"5";"0";"Sturdy, Sand Stream, Sand Force"
527;"Woobat";"45";"Bat Pokemon";"43";"0.4";"65";"72";"psychic";"flying";"2.1";"5";"0";"Unaware, Klutz, Simple"
528;"Swoobat";"57";"Courting Pokemon";"55";"0.9";"67";"114";"psychic";"flying";"10.5";"5";"0";"Unaware, Klutz, Simple"
529;"Drilbur";"85";"Mole Pokemon";"40";"0.3";"60";"68";"ground";"";"8.5";"5";"0";"Sand Rush, Sand Force, Mold Breaker"
530;"Excadrill";"135";"Subterrene Pokemon";"60";"0.7";"110";"88";"ground";"steel";"40.4";"5";"0";"Sand Rush, Sand Force, Mold Breaker"
531;"Audino";"60";"Hearing Pokemon";"126";"1.1";"103";"50";"normal";"";"31.0";"5";"0";"Healer, Regenerator, Klutz"
532;"Timburr";"80";"Muscular Pokemon";"55";"0.6";"75";"35";"fighting";"";"12.5";"5";"0";"Guts, Sheer Force, Iron Fist"
533;"Gurdurr";"105";"Muscular Pokemon";"85";"1.2";"85";"40";"fighting";"";"40.0";"5";"0";"Guts, Sheer Force, Iron Fist"
534;"Conkeldurr";"140";"Muscular Pokemon";"95";"1.4";"105";"45";"fighting";"";"87.0";"5";"0";"Guts, Sheer Force, Iron Fist"
535;"Tympole";"50";"Tadpole Pokemon";"40";"0.5";"50";"64";"water";"";"4.5";"5";"0";"Swift Swim, Hydration, Water Absorb"
536;"Palpitoad";"65";"Vibration Pokemon";"55";"0.8";"75";"69";"water";"ground";"17.0";"5";"0";"Swift Swim, Hydration, Water Absorb"
537;"Seismitoad";"95";"Vibration Pokemon";"75";"1.5";"105";"74";"water";"ground";"62.0";"5";"0";"Swift Swim, Poison Touch, Water Absorb"
538;"Throh";"100";"Judo Pokemon";"85";"1.3";"120";"45";"fighting";"";"55.5";"5";"0";"Guts, Inner Focus, Mold Breaker"
539;"Sawk";"125";"Karate Pokemon";"75";"1.4";"75";"85";"fighting";"";"51.0";"5";"0";"Sturdy, Inner Focus, Mold Breaker"
540;"Sewaddle";"53";"Sewing Pokemon";"70";"0.3";"45";"42";"bug";"grass";"2.5";"5";"0";"Swarm, Chlorophyll, Overcoat"
541;"Swadloon";"63";"Leaf-Wrapped Pokemon";"90";"0.5";"55";"42";"bug";"grass";"7.3";"5";"0";"Leaf Guard, Chlorophyll, Overcoat"
542;"Leavanny";"103";"Nurturing Pokemon";"80";"1.2";"75";"92";"bug";"grass";"20.5";"5";"0";"Swarm, Chlorophyll, Overcoat"
543;"Venipede";"45";"Centipede Pokemon";"59";"0.4";"30";"57";"bug";"poison";"5.3";"5";"0";"Poison Point, Swarm, Speed Boost"
544;"Whirlipede";"55";"Curlipede Pokemon";"99";"1.2";"40";"47";"bug";"poison";"58.5";"5";"0";"Poison Point, Swarm, Speed Boost"
545;"Scolipede";"100";"Megapede Pokemon";"89";"2.5";"60";"112";"bug";"poison";"200.5";"5";"0";"Poison Point, Swarm, Speed Boost"
546;"Cottonee";"27";"Cotton Puff Pokemon";"60";"0.3";"40";"66";"grass";"fairy";"0.6";"5";"0";"Prankster, Infiltrator, Chlorophyll"
547;"Whimsicott";"67";"Windveiled Pokemon";"85";"0.7";"60";"116";"grass";"fairy";"6.6";"5";"0";"Prankster, Infiltrator, Chlorophyll"
548;"Petilil";"35";"Bulb Pokemon";"50";"0.5";"45";"30";"grass";"";"6.6";"5";"0";"Chlorophyll, Own Tempo, Leaf Guard"
549;"Lilligant";"60";"Flowering Pokemon";"75";"1.1";"70";"90";"grass";"";"16.3";"5";"0";"Chlorophyll, Own Tempo, Leaf Guard"
550;"Basculin";"92";"Hostile Pokemon";"65";"1.0";"70";"98";"water";"";"18.0";"5";"0";"Reckless, Rock Head, Adaptability, Mold Break"
551;"Sandile";"72";"Desert Croc Pokemon";"35";"0.7";"50";"65";"ground";"dark";"15.2";"5";"0";"Intimidate, Moxie, Anger Point"
552;"Krokorok";"82";"Desert Croc Pokemon";"45";"1.0";"60";"74";"ground";"dark";"33.4";"5";"0";"Intimidate, Moxie, Anger Point"
553;"Krookodile";"117";"Intimidation Pokemon";"80";"1.5";"95";"92";"ground";"dark";"96.3";"5";"0";"Intimidate, Moxie, Anger Point"
554;"Darumaka";"90";"Zen Charm Pokemon";"45";"0.6";"70";"50";"fire";"";"37.5";"5";"0";"Hustle, Inner Focus"
555;"Darmanitan";"30";"Blazing Pokemon";"105";"1.3";"105";"55";"fire";"fire";"92.9";"5";"0";"Sheer Force, Zen Mode"
556;"Maractus";"86";"Cactus Pokemon";"67";"1.0";"75";"60";"grass";"";"28.0";"5";"0";"Water Absorb, Chlorophyll, Storm Drain"
557;"Dwebble";"65";"Rock Inn Pokemon";"85";"0.3";"50";"55";"bug";"rock";"14.5";"5";"0";"Sturdy, Shell Armor, Weak Armor"
558;"Crustle";"105";"Stone Home Pokemon";"125";"1.4";"70";"45";"bug";"rock";"200.0";"5";"0";"Sturdy, Shell Armor, Weak Armor"
559;"Scraggy";"75";"Shedding Pokemon";"70";"0.6";"50";"48";"dark";"fighting";"11.8";"5";"0";"Shed Skin, Moxie, Intimidate"
560;"Scrafty";"90";"Hoodlum Pokemon";"115";"1.1";"65";"58";"dark";"fighting";"30.0";"5";"0";"Shed Skin, Moxie, Intimidate"
561;"Sigilyph";"58";"Avianoid Pokemon";"80";"1.4";"72";"97";"psychic";"flying";"14.0";"5";"0";"Wonder Skin , Magic Guard, Tinted Lens"
562;"Yamask";"30";"Spirit Pokemon";"85";"0.5";"38";"30";"ghost";"";"1.5";"5";"0";"Mummy"
563;"Cofagrigus";"50";"Coffin Pokemon";"145";"1.7";"58";"30";"ghost";"";"76.5";"5";"0";"Mummy"
564;"Tirtouga";"78";"Prototurtle Pokemon";"103";"0.7";"54";"22";"water";"rock";"16.5";"5";"0";"Solid Rock, Sturdy, Swift Swim"
565;"Carracosta";"108";"Prototurtle Pokemon";"133";"1.2";"74";"32";"water";"rock";"81.0";"5";"0";"Solid Rock, Sturdy, Swift Swim"
566;"Archen";"112";"First Bird Pokemon";"45";"0.5";"55";"70";"rock";"flying";"9.5";"5";"0";"Defeatist"
567;"Archeops";"140";"First Bird Pokemon";"65";"1.4";"75";"110";"rock";"flying";"32.0";"5";"0";"Defeatist"
568;"Trubbish";"50";"Trash Bag Pokemon";"62";"0.6";"50";"65";"poison";"";"31.0";"5";"0";"Stench, Sticky Hold, Aftermath"
569;"Garbodor";"95";"Trash Heap Pokemon";"82";"1.9";"80";"75";"poison";"";"107.3";"5";"0";"Stench, Weak Armor, Aftermath"
570;"Zorua";"65";"Tricky Fox Pokemon";"40";"0.7";"40";"65";"dark";"";"12.5";"5";"0";"Illusion"
571;"Zoroark";"105";"Illusion Fox Pokemon";"60";"1.6";"60";"105";"dark";"";"81.1";"5";"0";"Illusion"
572;"Minccino";"50";"Chinchilla Pokemon";"40";"0.4";"55";"75";"normal";"";"5.8";"5";"0";"Cute Charm, Technician, Skill Link"
573;"Cinccino";"95";"Scarf Pokemon";"60";"0.5";"75";"115";"normal";"";"7.5";"5";"0";"Cute Charm, Technician, Skill Link"
574;"Gothita";"30";"Fixation Pokemon";"50";"0.4";"45";"45";"psychic";"";"5.8";"5";"0";"Frisk, Competitive, Shadow Tag"
575;"Gothorita";"45";"Manipulate Pokemon";"70";"0.7";"60";"55";"psychic";"";"18.0";"5";"0";"Frisk, Competitive, Shadow Tag"
576;"Gothitelle";"55";"Astral Body Pokemon";"95";"1.5";"70";"65";"psychic";"";"44.0";"5";"0";"Frisk, Competitive, Shadow Tag"
577;"Solosis";"30";"Cell Pokemon";"40";"0.3";"45";"20";"psychic";"";"1.0";"5";"0";"Overcoat, Magic Guard, Regenerator"
578;"Duosion";"40";"Mitosis Pokemon";"50";"0.6";"65";"30";"psychic";"";"8.0";"5";"0";"Overcoat, Magic Guard, Regenerator"
579;"Reuniclus";"65";"Multiplying Pokemon";"75";"1.0";"110";"30";"psychic";"";"20.1";"5";"0";"Overcoat, Magic Guard, Regenerator"
580;"Ducklett";"44";"Water Bird Pokemon";"50";"0.5";"62";"55";"water";"flying";"5.5";"5";"0";"Keen Eye, Big Pecks, Hydration"
581;"Swanna";"87";"White Bird Pokemon";"63";"1.3";"75";"98";"water";"flying";"24.2";"5";"0";"Keen Eye, Big Pecks, Hydration"
582;"Vanillite";"50";"Fresh Snow Pokemon";"50";"0.4";"36";"44";"ice";"";"5.7";"5";"0";"Ice Body, Snow Cloak, Weak Armor"
583;"Vanillish";"65";"Icy Snow Pokemon";"65";"1.1";"51";"59";"ice";"";"41.0";"5";"0";"Ice Body, Snow Cloak, Weak Armor"
584;"Vanilluxe";"95";"Snowstorm Pokemon";"85";"1.3";"71";"79";"ice";"";"57.5";"5";"0";"Ice Body, Snow Warning, Weak Armor"
585;"Deerling";"60";"Season Pokemon";"50";"0.6";"60";"75";"normal";"grass";"19.5";"5";"0";"Chlorophyll, Sap Sipper, Serene Grace"
586;"Sawsbuck";"100";"Season Pokemon";"70";"1.9";"80";"95";"normal";"grass";"92.5";"5";"0";"Chlorophyll, Sap Sipper, Serene Grace"
587;"Emolga";"75";"Sky Squirrel Pokemon";"60";"0.4";"55";"103";"electric";"flying";"5.0";"5";"0";"Static, Motor Drive"
588;"Karrablast";"75";"Clamping Pokemon";"45";"0.5";"50";"60";"bug";"";"5.9";"5";"0";"Swarm, Shed Skin, No Guard"
589;"Escavalier";"135";"Cavalry Pokemon";"105";"1.0";"70";"20";"bug";"steel";"33.0";"5";"0";"Swarm, Shell Armor, Overcoat"
590;"Foongus";"55";"Mushroom Pokemon";"45";"0.2";"69";"15";"grass";"poison";"1.0";"5";"0";"Effect Spore, Regenerator"
591;"Amoonguss";"85";"Mushroom Pokemon";"70";"0.6";"114";"30";"grass";"poison";"10.5";"5";"0";"Effect Spore, Regenerator"
592;"Frillish";"40";"Floating Pokemon";"50";"1.2";"55";"40";"water";"ghost";"33.0";"5";"0";"Water Absorb, Cursed Body, Damp"
593;"Jellicent";"60";"Floating Pokemon";"70";"2.2";"100";"60";"water";"ghost";"135.0";"5";"0";"Water Absorb, Cursed Body, Damp"
594;"Alomomola";"75";"Caring Pokemon";"80";"1.2";"165";"65";"water";"";"31.6";"5";"0";"Healer, Hydration, Regenerator"
595;"Joltik";"47";"Attaching Pokemon";"50";"0.1";"50";"65";"bug";"electric";"0.6";"5";"0";"Compoundeyes, Unnerve, Swarm"
596;"Galvantula";"77";"EleSpider Pokemon";"60";"0.8";"70";"108";"bug";"electric";"14.3";"5";"0";"Compoundeyes, Unnerve, Swarm"
597;"Ferroseed";"50";"Thorn Seed Pokemon";"91";"0.6";"44";"10";"grass";"steel";"18.8";"5";"0";"Iron Barbs"
598;"Ferrothorn";"94";"Thorn Pod Pokemon";"131";"1.0";"74";"20";"grass";"steel";"110.0";"5";"0";"Iron Barbs, Anticipation"
599;"Klink";"55";"Gear Pokemon";"70";"0.3";"40";"30";"steel";"";"21.0";"5";"0";"Plus, Minus, Clear Body"
600;"Klang";"80";"Gear Pokemon";"95";"0.6";"60";"50";"steel";"";"51.0";"5";"0";"Plus, Minus, Clear Body"
601;"Klinklang";"100";"Gear Pokemon";"115";"0.6";"60";"90";"steel";"";"81.0";"5";"0";"Plus, Minus, Clear Body"
602;"Tynamo";"55";"EleFish Pokemon";"40";"0.2";"35";"60";"electric";"";"0.3";"5";"0";"Levitate"
603;"Eelektrik";"85";"EleFish Pokemon";"70";"1.2";"65";"40";"electric";"";"22.0";"5";"0";"Levitate"
604;"Eelektross";"115";"EleFish Pokemon";"80";"2.1";"85";"50";"electric";"";"80.5";"5";"0";"Levitate"
605;"Elgyem";"55";"Cerebral Pokemon";"55";"0.5";"55";"30";"psychic";"";"9.0";"5";"0";"Telepathy, Synchronize, Analytic"
606;"Beheeyem";"75";"Cerebral Pokemon";"75";"1.0";"75";"40";"psychic";"";"34.5";"5";"0";"Telepathy, Synchronize, Analytic"
607;"Litwick";"30";"Candle Pokemon";"55";"0.3";"50";"20";"ghost";"fire";"3.1";"5";"0";"Flash Fire, Flame Body, Infiltrator"
608;"Lampent";"40";"Lamp Pokemon";"60";"0.6";"60";"55";"ghost";"fire";"13.0";"5";"0";"Flash Fire, Flame Body, Infiltrator"
609;"Chandelure";"55";"Luring Pokemon";"90";"1.0";"60";"80";"ghost";"fire";"34.3";"5";"0";"Flash Fire, Flame Body, Infiltrator"
610;"Axew";"87";"Tusk Pokemon";"60";"0.6";"46";"57";"dragon";"";"18.0";"5";"0";"Rivalry, Mold Breaker, Unnerve"
611;"Fraxure";"117";"Axe Jaw Pokemon";"70";"1.0";"66";"67";"dragon";"";"36.0";"5";"0";"Rivalry, Mold Breaker, Unnerve"
612;"Haxorus";"147";"Axe Jaw Pokemon";"90";"1.8";"76";"97";"dragon";"";"105.5";"5";"0";"Rivalry, Mold Breaker, Unnerve"
613;"Cubchoo";"70";"Chill Pokemon";"40";"0.5";"55";"40";"ice";"";"8.5";"5";"0";"Snow Cloak, Slush Rush, Rattled"
614;"Beartic";"130";"Freezing Pokemon";"80";"2.6";"95";"50";"ice";"";"260.0";"5";"0";"Snow Cloak, Slush Rush, Swift Swim"
615;"Cryogonal";"50";"Crystallizing Pokemon";"50";"1.1";"80";"105";"ice";"";"148.0";"5";"0";"Levitate"
616;"Shelmet";"40";"Snail Pokemon";"85";"0.4";"50";"25";"bug";"";"7.7";"5";"0";"Hydration, Shell Armor, Overcoat"
617;"Accelgor";"70";"Shell Out Pokemon";"40";"0.8";"80";"145";"bug";"";"25.3";"5";"0";"Hydration, Sticky Hold, Unburden"
618;"Stunfisk";"66";"Trap Pokemon";"84";"0.7";"109";"32";"ground";"electric";"11.0";"5";"0";"Static, Limber, Sand Veil"
619;"Mienfoo";"85";"Martial Arts Pokemon";"50";"0.9";"45";"65";"fighting";"";"20.0";"5";"0";"Inner Focus, Regenerator, Reckless"
620;"Mienshao";"125";"Martial Arts Pokemon";"60";"1.4";"65";"105";"fighting";"";"35.5";"5";"0";"Inner Focus, Regenerator, Reckless"
621;"Druddigon";"120";"Cave Pokemon";"90";"1.6";"77";"48";"dragon";"";"139.0";"5";"0";"Rough Skin, Sheer Force, Mold Breaker"
622;"Golett";"74";"Automaton Pokemon";"50";"1.0";"59";"35";"ground";"ghost";"92.0";"5";"0";"Iron Fist, Klutz, No Guard"
623;"Golurk";"124";"Automaton Pokemon";"80";"2.8";"89";"55";"ground";"ghost";"330.0";"5";"0";"Iron Fist, Klutz, No Guard"
624;"Pawniard";"85";"Sharp Blade Pokemon";"70";"0.5";"45";"60";"dark";"steel";"10.2";"5";"0";"Defiant, Inner Focus, Pressure"
625;"Bisharp";"125";"Sword Blade Pokemon";"100";"1.6";"65";"70";"dark";"steel";"70.0";"5";"0";"Defiant, Inner Focus, Pressure"
626;"Bouffalant";"110";"Bash Buffalo Pokemon";"95";"1.6";"95";"55";"normal";"";"94.6";"5";"0";"Reckless, Sap Sipper, Soundproof"
627;"Rufflet";"83";"Eaglet Pokemon";"50";"0.5";"70";"60";"normal";"flying";"10.5";"5";"0";"Keen Eye, Sheer Force, Hustle"
628;"Braviary";"123";"Valiant Pokemon";"75";"1.5";"100";"80";"normal";"flying";"41.0";"5";"0";"Keen Eye, Sheer Force, Defiant"
629;"Vullaby";"55";"Diapered Pokemon";"75";"0.5";"70";"60";"dark";"flying";"9.0";"5";"0";"Big Pecks, Overcoat, Weak Armor"
630;"Mandibuzz";"65";"Bone Vulture Pokemon";"105";"1.2";"110";"80";"dark";"flying";"39.5";"5";"0";"Big Pecks, Overcoat, Weak Armor"
631;"Heatmor";"97";"Anteater Pokemon";"66";"1.4";"85";"65";"fire";"";"58.0";"5";"0";"Gluttony, Flash Fire, White Smoke"
632;"Durant";"109";"Iron Ant Pokemon";"112";"0.3";"58";"109";"bug";"steel";"33.0";"5";"0";"Swarm, Hustle, Truant"
633;"Deino";"65";"Irate Pokemon";"50";"0.8";"52";"38";"dark";"dragon";"17.3";"5";"0";"Hustle"
634;"Zweilous";"85";"Hostile Pokemon";"70";"1.4";"72";"58";"dark";"dragon";"50.0";"5";"0";"Hustle"
635;"Hydreigon";"105";"Brutal Pokemon";"90";"1.8";"92";"98";"dark";"dragon";"160.0";"5";"0";"Levitate"
636;"Larvesta";"85";"Torch Pokemon";"55";"1.1";"55";"60";"bug";"fire";"28.8";"5";"0";"Flame Body, Swarm"
637;"Volcarona";"60";"Sun Pokemon";"65";"1.6";"85";"100";"bug";"fire";"46.0";"5";"0";"Flame Body, Swarm"
638;"Cobalion";"90";"Iron Will Pokemon";"129";"2.1";"91";"108";"steel";"fighting";"250.0";"5";"1";"Justified"
639;"Terrakion";"129";"Cavern Pokemon";"90";"1.9";"91";"108";"rock";"fighting";"260.0";"5";"1";"Justified"
640;"Virizion";"90";"Grassland Pokemon";"72";"2.0";"91";"108";"grass";"fighting";"200.0";"5";"1";"Justified"
641;"Tornadus";"100";"Cyclone Pokemon";"80";"1.5";"79";"121";"flying";"";"63.0";"5";"1";"Prankster, Defiant, Regenerator"
642;"Thundurus";"105";"Bolt Strike Pokemon";"70";"1.5";"79";"101";"electric";"flying";"61.0";"5";"1";"Prankster, Defiant, Volt Absorb"
643;"Reshiram";"120";"Vast White Pokemon";"100";"3.2";"100";"90";"dragon";"fire";"330.0";"5";"1";"Turboblaze"
644;"Zekrom";"150";"Deep Black Pokemon";"120";"2.9";"100";"90";"dragon";"electric";"345.0";"5";"1";"Teravolt"
645;"Landorus";"145";"Abundance Pokemon";"90";"1.5";"89";"91";"ground";"flying";"68.0";"5";"1";"Sand Force, Sheer Force, Intimidate"
646;"Kyurem";"120";"Boundary Pokemon";"90";"3.0";"125";"95";"dragon";"ice";"325.0";"5";"1";"Pressure, Teravolt, Turboblaze"
647;"Keldeo";"72";"Colt Pokemon";"90";"1.4";"91";"108";"water";"fighting";"48.5";"5";"1";"Justified"
648;"Meloetta";"128";"Melody Pokemon";"90";"0.6";"100";"128";"normal";"psychic";"6.5";"5";"1";"Serene Grace"
649;"Genesect";"120";"Paleozoic Pokemon";"95";"1.5";"71";"99";"bug";"steel";"82.5";"5";"1";"Download"
650;"Chespin";"61";"Spiky Nut Pokemon";"65";"0.4";"56";"38";"grass";"";"9.0";"6";"0";"Overgrow, Bulletproof"
651;"Quilladin";"78";"Spiny Armor Pokemon";"95";"0.7";"61";"57";"grass";"";"29.0";"6";"0";"Overgrow, Bulletproof"
652;"Chesnaught";"107";"Spiny Armor Pokemon";"122";"1.6";"88";"64";"grass";"fighting";"90.0";"6";"0";"Overgrow, Bulletproof"
653;"Fennekin";"45";"Fox Pokemon";"40";"0.4";"40";"60";"fire";"";"9.4";"6";"0";"Blaze, Magician"
654;"Braixen";"59";"Fox Pokemon";"58";"1.0";"59";"73";"fire";"";"14.5";"6";"0";"Blaze, Magician"
655;"Delphox";"69";"Fox Pokemon";"72";"1.5";"75";"104";"fire";"psychic";"39.0";"6";"0";"Blaze, Magician"
656;"Froakie";"56";"Bubble Frog Pokemon";"40";"0.3";"41";"71";"water";"";"7.0";"6";"0";"Torrent, Protean"
657;"Frogadier";"63";"Bubble Frog Pokemon";"52";"0.6";"54";"97";"water";"";"10.9";"6";"0";"Torrent, Protean"
658;"Greninja";"145";"Ninja Pokemon";"67";"1.5";"72";"132";"water";"dark";"40.0";"6";"0";"Torrent, Protean, Battle Bond"
659;"Bunnelby";"36";"Digging Pokemon";"38";"0.4";"38";"57";"normal";"";"5.0";"6";"0";"Pickup, Cheek Pouch, Huge Power"
660;"Diggersby";"56";"Digging Pokemon";"77";"1.0";"85";"78";"normal";"ground";"42.4";"6";"0";"Pickup, Cheek Pouch, Huge Power"
661;"Fletchling";"50";"Tiny Robin Pokemon";"43";"0.3";"45";"62";"normal";"flying";"1.7";"6";"0";"Big Pecks, Gale Wings"
662;"Fletchinder";"73";"Ember Pokemon";"55";"0.7";"62";"84";"fire";"flying";"16.0";"6";"0";"Flame Body, Gale Wings"
663;"Talonflame";"81";"Scorching Pokemon";"71";"1.2";"78";"126";"fire";"flying";"24.5";"6";"0";"Flame Body, Gale Wings"
664;"Scatterbug";"35";"Scatterdust Pokemon";"40";"0.3";"38";"35";"bug";"";"2.5";"6";"0";"Shield Dust, Compoundeyes, Friend Guard"
665;"Spewpa";"22";"Scatterdust Pokemon";"60";"0.3";"45";"29";"bug";"";"8.4";"6";"0";"Shed Skin, Friend Guard"
666;"Vivillon";"52";"Scale Pokemon";"50";"1.2";"80";"89";"bug";"flying";"17.0";"6";"0";"Shield Dust, Compoundeyes, Friend Guard"
667;"Litleo";"50";"Lion Cub Pokemon";"58";"0.6";"62";"72";"fire";"normal";"13.5";"6";"0";"Rivalry, Unnerve, Moxie"
668;"Pyroar";"68";"Royal Pokemon";"72";"1.5";"86";"106";"fire";"normal";"81.5";"6";"0";"Rivalry, Unnerve, Moxie"
669;"Flab";"38";"Single Bloom Pokemon";"39";"0.1";"44";"42";"fairy";"";"0.1";"6";"0";"Flower Veil, Symbiosis"
670;"Floette";"65";"Fairy Pokemon";"67";"0.2";"74";"92";"fairy";"";"0.9";"6";"0";"Flower Veil, Symbiosis"
671;"Florges";"65";"Garden Pokemon";"68";"1.1";"78";"75";"fairy";"";"10.0";"6";"0";"Flower Veil, Symbiosis"
672;"Skiddo";"65";"Mount Pokemon";"48";"0.9";"66";"52";"grass";"";"31.0";"6";"0";"Sap Sipper, Grass Pelt"
673;"Gogoat";"100";"Mount Pokemon";"62";"1.7";"123";"68";"grass";"";"91.0";"6";"0";"Sap Sipper, Grass Pelt"
674;"Pancham";"82";"Playful Pokemon";"62";"0.6";"67";"43";"fighting";"";"8.0";"6";"0";"Iron Fist, Mold Breaker, Scrappy"
675;"Pangoro";"124";"Daunting Pokemon";"78";"2.1";"95";"58";"fighting";"dark";"136.0";"6";"0";"Iron Fist, Mold Breaker, Scrappy"
676;"Furfrou";"80";"Poodle Pokemon";"60";"1.2";"75";"102";"normal";"";"28.0";"6";"0";"Fur Coat"
677;"Espurr";"48";"Restraint Pokemon";"54";"0.3";"62";"68";"psychic";"";"3.5";"6";"0";"Keen Eye, Infiltrator, Own Tempo"
678;"Meowstic";"48";"Constraint Pokemon";"76";"0.6";"74";"104";"psychic";"";"8.5";"6";"0";"Keen Eye, Infiltrator, Prankster, Competitive"
679;"Honedge";"80";"Sword Pokemon";"100";"0.8";"45";"28";"steel";"ghost";"2.0";"6";"0";"No Guard"
680;"Doublade";"110";"Sword Pokemon";"150";"0.8";"59";"35";"steel";"ghost";"4.5";"6";"0";"No Guard"
681;"Aegislash";"150";"Royal Sword Pokemon";"50";"1.7";"60";"60";"steel";"ghost";"53.0";"6";"0";"Stance Change"
682;"Spritzee";"52";"Perfume Pokemon";"60";"0.2";"78";"23";"fairy";"";"0.5";"6";"0";"Healer, Aroma Veil"
683;"Aromatisse";"72";"Fragrance Pokemon";"72";"0.8";"101";"29";"fairy";"";"15.5";"6";"0";"Healer, Aroma Veil"
684;"Swirlix";"48";"Cotton Candy Pokemon";"66";"0.4";"62";"49";"fairy";"";"3.5";"6";"0";"Sweet Veil, Unburden"
685;"Slurpuff";"80";"Meringue Pokemon";"86";"0.8";"82";"72";"fairy";"";"5.0";"6";"0";"Sweet Veil, Unburden"
686;"Inkay";"54";"Revolving Pokemon";"53";"0.4";"53";"45";"dark";"psychic";"3.5";"6";"0";"Contrary, Suction Cups, Infiltrator"
687;"Malamar";"92";"Overturning Pokemon";"88";"1.5";"86";"73";"dark";"psychic";"47.0";"6";"0";"Contrary, Suction Cups, Infiltrator"
688;"Binacle";"52";"Two-Handed Pokemon";"67";"0.5";"42";"50";"rock";"water";"31.0";"6";"0";"Tough Claws, Sniper, Pickpocket"
689;"Barbaracle";"105";"Collective Pokemon";"115";"1.3";"72";"68";"rock";"water";"96.0";"6";"0";"Tough Claws, Sniper, Pickpocket"
690;"Skrelp";"60";"Mock Kelp Pokemon";"60";"0.5";"50";"30";"poison";"water";"7.3";"6";"0";"Poison Point, Poison Touch, Adaptability"
691;"Dragalge";"75";"Mock Kelp Pokemon";"90";"1.8";"65";"44";"poison";"dragon";"81.5";"6";"0";"Poison Point, Poison Touch, Adaptability"
692;"Clauncher";"53";"Water Gun Pokemon";"62";"0.5";"50";"44";"water";"";"8.3";"6";"0";"Mega Launcher"
693;"Clawitzer";"73";"Howitzer Pokemon";"88";"1.3";"71";"59";"water";"";"35.3";"6";"0";"Mega Launcher"
694;"Helioptile";"38";"Generator Pokemon";"33";"0.5";"44";"70";"electric";"normal";"6.0";"6";"0";"Dry Skin, Sand Veil, Solar Power"
695;"Heliolisk";"55";"Generator Pokemon";"52";"1.0";"62";"109";"electric";"normal";"21.0";"6";"0";"Dry Skin, Sand Veil, Solar Power"
696;"Tyrunt";"89";"Royal Heir Pokemon";"77";"0.8";"58";"48";"rock";"dragon";"26.0";"6";"0";"Strong Jaw, Sturdy"
697;"Tyrantrum";"121";"Despot Pokemon";"119";"2.5";"82";"71";"rock";"dragon";"270.0";"6";"0";"Strong Jaw, Rock Head"
698;"Amaura";"59";"Tundra Pokemon";"50";"1.3";"77";"46";"rock";"ice";"25.2";"6";"0";"Refrigerate, Snow Warning"
699;"Aurorus";"77";"Tundra Pokemon";"72";"2.7";"123";"58";"rock";"ice";"225.0";"6";"0";"Refrigerate, Snow Warning"
700;"Sylveon";"65";"Intertwining Pokemon";"65";"1.0";"95";"60";"fairy";"";"23.5";"6";"0";"Cute Charm, Pixilate"
701;"Hawlucha";"92";"Wrestling Pokemon";"75";"0.8";"78";"118";"fighting";"flying";"21.5";"6";"0";"Limber, Unburden, Mold Breaker"
702;"Dedenne";"58";"Antenna Pokemon";"57";"0.2";"67";"101";"electric";"fairy";"2.2";"6";"0";"Cheek Pouch, Pickup, Plus"
703;"Carbink";"50";"Jewel Pokemon";"150";"0.3";"50";"50";"rock";"fairy";"5.7";"6";"0";"Clear Body, Sturdy"
704;"Goomy";"50";"Soft Tissue Pokemon";"35";"0.3";"45";"40";"dragon";"";"2.8";"6";"0";"Sap Sipper, Hydration, Gooey"
705;"Sliggoo";"75";"Soft Tissue Pokemon";"53";"0.8";"68";"60";"dragon";"";"17.5";"6";"0";"Sap Sipper, Hydration, Gooey"
706;"Goodra";"100";"Dragon Pokemon";"70";"2.0";"90";"80";"dragon";"";"150.5";"6";"0";"Sap Sipper, Hydration, Gooey"
707;"Klefki";"80";"Key Ring Pokemon";"91";"0.2";"57";"75";"steel";"fairy";"3.0";"6";"0";"Prankster, Magician"
708;"Phantump";"70";"Stump Pokemon";"48";"0.4";"43";"38";"ghost";"grass";"7.0";"6";"0";"Natural Cure, Frisk, Harvest"
709;"Trevenant";"110";"Elder Tree Pokemon";"76";"1.5";"85";"56";"ghost";"grass";"71.0";"6";"0";"Natural Cure, Frisk, Harvest"
710;"Pumpkaboo";"66";"Pumpkin Pokemon";"70";"0.8";"59";"41";"ghost";"grass";"15.0";"6";"0";"Pickup, Frisk, Insomnia"
711;"Gourgeist";"100";"Pumpkin Pokemon";"122";"1.7";"85";"54";"ghost";"grass";"39.0";"6";"0";"Pickup, Frisk, Insomnia"
712;"Bergmite";"69";"Ice Chunk Pokemon";"85";"1.0";"55";"28";"ice";"";"99.5";"6";"0";"Own Tempo, Ice Body, Sturdy"
713;"Avalugg";"117";"Iceberg Pokemon";"184";"2.0";"95";"28";"ice";"";"505.0";"6";"0";"Own Tempo, Ice Body, Sturdy"
714;"Noibat";"30";"Sound Wave Pokemon";"35";"0.5";"40";"55";"flying";"dragon";"8.0";"6";"0";"Frisk, Infiltrator, Telepathy"
715;"Noivern";"70";"Sound Wave Pokemon";"80";"1.5";"85";"123";"flying";"dragon";"85.0";"6";"0";"Frisk, Infiltrator, Telepathy"
716;"Xerneas";"131";"Life Pokemon";"95";"3.0";"126";"99";"fairy";"";"215.0";"6";"1";"Fairy Aura"
717;"Yveltal";"131";"Destruction Pokemon";"95";"5.8";"126";"99";"dark";"flying";"203.0";"6";"1";"Dark Aura"
718;"Zygarde";"100";"Order Pokemon";"121";"5.0";"216";"85";"dragon";"ground";"284.6";"6";"1";"Aura Break, Power Construct"
719;"Diancie";"160";"Jewel Pokemon";"110";"0.7";"50";"110";"rock";"fairy";"8.8";"6";"1";"Clear Body"
720;"Hoopa";"160";"Mischief Pokemon (Confined)Djinn Pokemonn (Un";"60";"";"80";"80";"psychic";"ghost";"";"6";"1";"Magician"
721;"Volcanion";"110";"Steam Pokemon";"120";"1.7";"80";"70";"fire";"water";"195.0";"6";"1";"Water Absorb"
722;"Rowlet";"55";"Grass Quill Pokemon";"55";"0.3";"68";"42";"grass";"flying";"1.5";"7";"0";"Overgrow, Long Reach"
723;"Dartrix";"75";"Blade Quill Pokemon";"75";"0.7";"78";"52";"grass";"flying";"16.0";"7";"0";"Overgrow, Long Reach"
724;"Decidueye";"107";"Arrow Quill Pokemon";"75";"1.6";"78";"70";"grass";"ghost";"36.6";"7";"0";"Overgrow, Long Reach"
725;"Litten";"65";"Fire Cat Pokemon";"40";"0.4";"45";"70";"fire";"";"4.3";"7";"0";"Blaze, Intimidate"
726;"Torracat";"85";"Fire Cat Pokemon";"50";"0.7";"65";"90";"fire";"";"25.0";"7";"0";"Blaze, Intimidate"
727;"Incineroar";"115";"Heel Pokemon";"90";"1.8";"95";"60";"fire";"dark";"83.0";"7";"0";"Blaze, Intimidate"
728;"Popplio";"54";"Sea Lion Pokemon";"54";"0.4";"50";"40";"water";"";"7.5";"7";"0";"Torrent, Liquid Voice"
729;"Brionne";"69";"Pop Star Pokemon";"69";"0.6";"60";"50";"water";"";"17.5";"7";"0";"Torrent, Liquid Voice"
730;"Primarina";"74";"Soloist Pokemon";"74";"1.8";"80";"60";"water";"fairy";"44.0";"7";"0";"Torrent, Liquid Voice"
731;"Pikipek";"75";"Woodpecker Pokemon";"30";"0.3";"35";"65";"normal";"flying";"1.2";"7";"0";"Keen Eye, Skill Link, Pickup"
732;"Trumbeak";"85";"Bugle Beak Pokemon";"50";"0.6";"55";"75";"normal";"flying";"14.8";"7";"0";"Keen Eye, Skill Link, Pickup"
733;"Toucannon";"120";"Cannon Pokemon";"75";"1.1";"80";"60";"normal";"flying";"26.0";"7";"0";"Keen Eye, Skill Link, Sheer Force"
734;"Yungoos";"70";"Loitering Pokemon";"30";"0.4";"48";"45";"normal";"";"6.0";"7";"0";"Stakeout, Strong Jaw, Adaptability"
735;"Gumshoos";"110";"Stakeout Pokemon";"60";"0.7";"88";"45";"normal";"";"14.2";"7";"0";"Stakeout, Strong Jaw, Adaptability"
736;"Grubbin";"62";"Larva Pokemon";"45";"0.4";"47";"46";"bug";"";"4.4";"7";"0";"Swarm"
737;"Charjabug";"82";"Battery Pokemon";"95";"0.5";"57";"36";"bug";"electric";"10.5";"7";"0";"Battery"
738;"Vikavolt";"70";"Stag Beetle Pokemon";"90";"1.5";"77";"43";"bug";"electric";"45.0";"7";"0";"Levitate"
739;"Crabrawler";"82";"Boxing Pokemon";"57";"0.6";"47";"63";"fighting";"";"7.0";"7";"0";"Hyper Cutter, Iron Fist, Anger Point"
740;"Crabominable";"132";"Woolly Crab Pokemon";"77";"1.7";"97";"43";"fighting";"ice";"180.0";"7";"0";"Hyper Cutter, Iron Fist, Anger Point"
741;"Oricorio";"70";"Dancing Pokemon";"70";"0.6";"75";"93";"fire";"flying";"3.4";"7";"0";"Dancer"
742;"Cutiefly";"45";"Bee Fly Pokemon";"40";"0.1";"40";"84";"bug";"fairy";"0.2";"7";"0";"Honey Gather, Shield Dust, Sweet Veil"
743;"Ribombee";"55";"Bee Fly Pokemon";"60";"0.2";"60";"124";"bug";"fairy";"0.5";"7";"0";"Honey Gather, Shield Dust, Sweet Veil"
744;"Rockruff";"65";"Puppy Pokemon";"40";"0.5";"45";"60";"rock";"";"9.2";"7";"0";"Keen Eye, Vital Spirit, Steadfast"
745;"Lycanroc";"115";"Wolf Pokemon";"75";"";"85";"82";"rock";"";"";"7";"0";"Keen Eye, Sand Rush, Steadfast, Keen Eye, Vit"
746;"Wishiwashi";"140";"Small Fry Pokemon";"130";"0.2";"45";"30";"water";"";"0.3";"7";"0";"Schooling"
747;"Mareanie";"53";"Brutal Star Pokemon";"62";"0.4";"50";"45";"poison";"water";"8.0";"7";"0";"Merciless, Limber, Regenerator"
748;"Toxapex";"63";"Brutal Star Pokemon";"152";"0.7";"50";"35";"poison";"water";"14.5";"7";"0";"Merciless, Limber, Regenerator"
749;"Mudbray";"100";"Donkey Pokemon";"70";"1.0";"70";"45";"ground";"";"110.0";"7";"0";"Own Tempo, Stamina, Inner Focus"
750;"Mudsdale";"125";"Draft Horse Pokemon";"100";"2.5";"100";"35";"ground";"";"920.0";"7";"0";"Own Tempo, Stamina, Inner Focus"
751;"Dewpider";"40";"Water Bubble Pokemon";"52";"0.3";"38";"27";"water";"bug";"4.0";"7";"0";"Water Bubble, Water Absorb"
752;"Araquanid";"70";"Water Bubble Pokemon";"92";"1.8";"68";"42";"water";"bug";"82.0";"7";"0";"Water Bubble, Water Absorb"
753;"Fomantis";"55";"Sickle Grass Pokemon";"35";"0.3";"40";"35";"grass";"";"1.5";"7";"0";"Leaf Guard, Contrary"
754;"Lurantis";"105";"Bloom Sickle Pokemon";"90";"0.9";"70";"45";"grass";"";"18.5";"7";"0";"Leaf Guard, Contrary"
755;"Morelull";"35";"Illuminating Pokemon";"55";"0.2";"40";"15";"grass";"fairy";"1.5";"7";"0";"Illuminate, Effect Spore, Rain Dish"
756;"Shiinotic";"45";"Illuminating Pokemon";"80";"1.0";"60";"30";"grass";"fairy";"11.5";"7";"0";"Illuminate, Effect Spore, Rain Dish"
757;"Salandit";"44";"Toxic Lizard Pokemon";"40";"0.6";"48";"77";"poison";"fire";"4.8";"7";"0";"Corrosion, Oblivious"
758;"Salazzle";"64";"Toxic Lizard Pokemon";"60";"1.2";"68";"117";"poison";"fire";"22.2";"7";"0";"Corrosion, Oblivious"
759;"Stufful";"75";"Flailing Pokemon";"50";"0.5";"70";"50";"normal";"fighting";"6.8";"7";"0";"Fluffy, Klutz, Cute Charm"
760;"Bewear";"125";"Strong Arm Pokemon";"80";"2.1";"120";"60";"normal";"fighting";"135.0";"7";"0";"Fluffy, Klutz, Unnerve"
761;"Bounsweet";"30";"Fruit Pokemon";"38";"0.3";"42";"32";"grass";"";"3.2";"7";"0";"Leaf Guard, Oblivious, Sweet Veil"
762;"Steenee";"40";"Fruit Pokemon";"48";"0.7";"52";"62";"grass";"";"8.2";"7";"0";"Leaf Guard, Oblivious, Sweet Veil"
763;"Tsareena";"120";"Fruit Pokemon";"98";"1.2";"72";"72";"grass";"";"21.4";"7";"0";"Leaf Guard, Queenly Majesty, Sweet Veil"
764;"Comfey";"52";"Posy Picker Pokemon";"90";"0.1";"51";"100";"fairy";"";"0.3";"7";"0";"Flower Veil, Triage, Natural Cure"
765;"Oranguru";"60";"Sage Pokemon";"80";"1.5";"90";"60";"normal";"psychic";"76.0";"7";"0";"Inner Focus, Telepathy, Symbiosis"
766;"Passimian";"120";"Teamwork Pokemon";"90";"2.0";"100";"80";"fighting";"";"82.8";"7";"0";"Receiver, Defiant"
767;"Wimpod";"35";"Turn Tail Pokemon";"40";"0.5";"25";"80";"bug";"water";"12.0";"7";"0";"Wimp Out"
768;"Golisopod";"125";"Hard Scale Pokemon";"140";"2.0";"75";"40";"bug";"water";"108.0";"7";"0";"Emergency Exit"
769;"Sandygast";"55";"Sand Heap Pokemon";"80";"0.5";"55";"15";"ghost";"ground";"70.0";"7";"0";"Water Compaction, Sand Veil"
770;"Palossand";"75";"Sand Castle Pokemon";"110";"1.3";"85";"35";"ghost";"ground";"250.0";"7";"0";"Water Compaction, Sand Veil"
771;"Pyukumuku";"60";"Sea Cucumber Pokemon";"130";"0.3";"55";"5";"water";"";"1.2";"7";"0";"Innards Out, Unaware"
772;"Type: Null";"95";"Synthetic Pokemon";"95";"1.9";"95";"59";"normal";"";"120.5";"7";"0";"Battle Armor"
773;"Silvally";"95";"Synthetic Pokemon";"95";"2.3";"95";"95";"normal";"";"100.5";"7";"0";"RKS System"
774;"Minior";"100";"Meteor Pokemon";"60";"0.3";"60";"120";"rock";"flying";"40.0";"7";"0";"Shields Down"
775;"Komala";"115";"Drowsing Pokemon";"65";"0.4";"65";"65";"normal";"";"19.9";"7";"0";"Comatose"
776;"Turtonator";"78";"Blast Turtle Pokemon";"135";"2.0";"60";"36";"fire";"dragon";"212.0";"7";"0";"Shell Armor"
777;"Togedemaru";"98";"Roly-Poly Pokemon";"63";"0.3";"65";"96";"electric";"steel";"3.3";"7";"0";"Iron Barbs, Lightningrod, Sturdy"
778;"Mimikyu";"90";"Disguise Pokemon";"80";"0.2";"55";"96";"ghost";"fairy";"0.7";"7";"0";"Disguise"
779;"Bruxish";"105";"Gnash Teeth Pokemon";"70";"0.9";"68";"92";"water";"psychic";"19.0";"7";"0";"Dazzling, Strong Jaw, Wonder Skin "
780;"Drampa";"60";"Placid Pokemon";"85";"3.0";"78";"36";"normal";"dragon";"185.0";"7";"0";"Berserk, Sap Sipper, Cloud Nine"
781;"Dhelmise";"131";"Sea Creeper Pokemon";"100";"3.9";"70";"40";"ghost";"grass";"210.0";"7";"0";"Steelworker"
782;"Jangmo-o";"55";"Scaly Pokemon";"65";"0.6";"45";"45";"dragon";"";"29.7";"7";"0";"Bulletproof, Soundproof, Overcoat"
783;"Hakamo-o";"75";"Scaly Pokemon";"90";"1.2";"55";"65";"dragon";"fighting";"47.0";"7";"0";"Bulletproof, Soundproof, Overcoat"
784;"Kommo-o";"110";"Scaly Pokemon";"125";"1.6";"75";"85";"dragon";"fighting";"78.2";"7";"0";"Bulletproof, Soundproof, Overcoat"
785;"Tapu Koko";"115";"Land Spirit Pokemon";"85";"1.8";"70";"130";"electric";"fairy";"20.5";"7";"1";"Electric Surge, Telepathy"
786;"Tapu Lele";"85";"Land Spirit Pokemon";"75";"1.2";"70";"95";"psychic";"fairy";"18.6";"7";"1";"Psychic Surge, Telepathy"
787;"Tapu Bulu";"130";"Land Spirit Pokemon";"115";"1.9";"70";"75";"grass";"fairy";"45.5";"7";"1";"Grassy Surge, Telepathy"
788;"Tapu Fini";"75";"Land Spirit Pokemon";"115";"1.3";"70";"85";"water";"fairy";"21.2";"7";"1";"Misty Surge, Telepathy"
789;"Cosmog";"29";"Nebula Pokemon";"31";"0.2";"43";"37";"psychic";"";"0.1";"7";"1";"Unaware"
790;"Cosmoem";"29";"Protostar Pokemon";"131";"0.1";"43";"37";"psychic";"";"999.9";"7";"1";"Sturdy"
791;"Solgaleo";"137";"Sunne Pokemon";"107";"3.4";"137";"97";"psychic";"steel";"230.0";"7";"1";"Full Metal Body"
792;"Lunala";"113";"Moone Pokemon";"89";"4.0";"137";"97";"psychic";"ghost";"120.0";"7";"1";"Shadow Shield"
793;"Nihilego";"53";"Parasite Pokemon";"47";"1.2";"109";"103";"rock";"poison";"55.5";"7";"1";"Beast Boost"
794;"Buzzwole";"139";"Swollen Pokemon";"139";"2.4";"107";"79";"bug";"fighting";"333.6";"7";"1";"Beast Boost"
795;"Pheromosa";"137";"Lissome Pokemon";"37";"1.8";"71";"151";"bug";"fighting";"25.0";"7";"1";"Beast Boost"
796;"Xurkitree";"89";"Glowing Pokemon";"71";"3.8";"83";"83";"electric";"";"100.0";"7";"1";"Beast Boost"
797;"Celesteela";"101";"Launch Pokemon";"103";"9.2";"97";"61";"steel";"flying";"999.9";"7";"1";"Beast Boost"
798;"Kartana";"181";"Drawn Sword Pokemon";"131";"0.3";"59";"109";"grass";"steel";"0.1";"7";"1";"Beast Boost"
799;"Guzzlord";"101";"Junkivore Pokemon";"53";"5.5";"223";"43";"dark";"dragon";"888.0";"7";"1";"Beast Boost"
800;"Necrozma";"107";"Prism Pokemon";"101";"2.4";"97";"79";"psychic";"";"230.0";"7";"1";"Prism Armor"
801;"Magearna";"95";"Artificial Pokemon";"115";"1.0";"80";"65";"steel";"fairy";"80.5";"7";"1";"Soul-Heart"
